nm0000102	Kevin Bacon	1958	\N
nm0001229	Glenn Ford	1916	2006
nm0000430	Steve Guttenberg	1958	\N
nm0000620	Mickey Rourke	1952	\N
nm0827663	Daniel Stern	1957	\N
nm0004730	Orson Bean	1928	\N
nm0450848	Mark Keyloun	1960	\N
nm0162906	Tommy Citera	1964	\N
nm0276207	Charles Fields	1971	\N
nm0000657	David Strathairn	1949	\N
nm0001475	John Lithgow	1945	\N
nm0735467	Paul Rodriguez	1955	\N
nm0708784	Rudy Ramos	1950	\N
nm0000837	Bob Balaban	1945	\N
nm0004729	Michael Beach	1963	\N
nm0040662	Tom Atkins	1935	\N
nm0000276	Sean Astin	1971	\N
nm0911644	Jonathan Ward	1970	\N
nm0551502	K.C. Martel	1967	\N
nm0000285	Alec Baldwin	1958	\N
nm0712857	James Ray	1932	1988
nm0000687	J.T. Walsh	1943	1998
nm0000198	Gary Oldman	1958	\N
nm0000662	Kiefer Sutherland	1966	\N
nm0000287	William Baldwin	1963	\N
nm0911542	Fred Ward	1942	\N
nm0343447	Michael Gross	1947	\N
nm0001447	Nathan Lane	1956	\N
nm0001439	Anthony LaPaglia	1959	\N
nm0668271	Bruce Payne	1958	\N
nm0000518	John Malkovich	1953	\N
nm0001505	Joe Mantegna	1947	\N
nm0000129	Tom Cruise	1962	\N
nm0000197	Jack Nicholson	1937	\N
nm0537698	Charles Gitonga Maina	\N	\N
nm0637681	Winston Ntshona	1941	\N
nm0001515	Joseph Mazzello	1983	\N
nm0000158	Tom Hanks	1956	\N
nm0000200	Bill Paxton	1955	2017
nm0000641	Gary Sinise	1955	\N
nm0001364	Bob Hoskins	1942	2014
nm0191906	Jim Cummings	1952	\N
nm0000225	Christian Slater	1969	\N
nm0000134	Robert De Niro	1943	\N
nm0000093	Brad Pitt	1963	\N
nm0000574	Jason Patric	1966	\N
nm0000954	Jon Bon Jovi	1962	\N
nm0001542	Jay Mohr	1970	\N
nm0000605	Brad Renfro	1982	2008
nm0001703	Maximilian Schell	1930	2014
nm0000369	Matt Dillon	1964	\N
nm0059946	Elya Baskin	1950	\N
nm0001150	James Doohan	1920	2005
nm0363159	Michael Harkins	1969	\N
nm0005260	Frankie Muniz	1985	\N
nm0005561	Luke Wilson	1971	\N
nm0000982	Josh Brolin	1968	\N
nm0178574	Zachary David Cope	1994	\N
nm0419273	Peter Jason	1944	\N
nm0001332	Robert Hays	1947	\N
nm0083541	Raye Birk	1943	\N
nm0001164	Charles Durning	1923	2012
nm0381606	Howard Hesseman	1940	\N
nm0870204	Stuart Townsend	1972	\N
nm0000576	Sean Penn	1960	\N
nm0000209	Tim Robbins	1958	\N
nm0080049	Yasiin Bey	1973	\N
nm0004979	David Alan Grier	1956	\N
nm0000147	Colin Firth	1960	\N
nm0371342	David Hayman	1948	\N
nm0569226	Bruce McGill	1950	\N
nm0422221	Otis Day	1951	\N
nm0299122	Stephen Furst	1954	2017
nm1742062	Henry Herzog	\N	\N
nm0001513	Tim Matheson	1947	\N
nm1122614	Dominic Scott Kay	1996	\N
nm0001714	Campbell Scott	1961	\N
nm0167086	Eric Close	1967	\N
nm0000409	Brendan Fraser	1968	\N
nm0000412	Andy Garcia	1956	\N
nm0005351	Ryan Reynolds	1976	\N
nm0000313	Jeff Bridges	1949	\N
nm0076578	Christopher Bernau	1940	1989
nm1664133	Burton Cooper	\N	\N
nm0401576	Mart Hulswit	1940	\N
nm0000422	John Goodman	1952	\N
nm1330560	Garrett Hedlund	1984	\N
nm1851028	Miles Heizer	1994	\N
nm0589628	Robert Milli	1933	\N
nm0001449	Frank Langella	1938	\N
nm0790688	Michael Sheen	1969	\N
nm0005377	Sam Rockwell	1968	\N
nm0680408	G. Rockett Phillips	\N	\N
nm0379748	Bill Herndon	\N	1990
nm0017651	Tom Aldredge	1928	2011
nm1357069	Nicholas Art	1999	\N
nm0503567	Logan Lerman	1992	\N
nm0719321	Mark Rendall	1988	\N
nm0000246	Bruce Willis	1955	\N
nm0000438	Ed Harris	1950	\N
nm0628242	Robert Newman	1958	\N
nm0636595	Vic Noto	\N	\N
nm0564215	James McAvoy	1979	\N
nm1055413	Michael Fassbender	1977	\N
nm2292573	Adrian Benepe	\N	\N
nm2637733	Joshua David	\N	\N
nm1118222	Adam Gopnik	\N	\N
nm3479814	Robert Hammond	\N	\N
nm0000160	Ethan Hawke	1970	\N
nm3476930	Joel Sternfeld	\N	\N
nm0088298	Corbin Bleu	1989	\N
nm0175305	Kevin Connolly	1974	\N
nm0933988	Rainn Wilson	1966	\N
nm0005023	Djimon Hounsou	1964	\N
nm6132568	Markus Waldow	\N	\N
nm0846615	Sean T. Krishnan	\N	\N
nm1813199	J. Salome Martinez	\N	\N
nm0931654	Saul Williams	1972	\N
nm0855103	Jon Tenney	1961	\N
nm0829032	Ray Stevenson	1964	\N
nm0001598	Robert Patrick	1958	\N
nm3458761	David Mazouz	2001	\N
nm0093589	Matt Bomer	1977	\N
nm1446060	Hunter Parrish	1987	\N
nm0002503	Harry Carey	1878	1947
nm0260020	Stuart Erwin	1903	1967
nm0837959	Barry Sullivan	1912	1994
nm0172615	Ray Collins	1889	1965
nm0001647	Claude Rains	1889	1967
nm0219062	Maurice Denham	1909	2002
nm0388303	John Hodiak	1914	1955
nm0000999	Red Buttons	1919	2006
nm0002011	Lee J. Cobb	1911	1976
nm0722023	David Reynoso	1926	1994
nm0480030	Taylor Lacher	1942	2005
nm0529150	Robert F. Lyons	1939	\N
nm0000385	Sam Elliott	1944	\N
nm0556041	Ron Masak	1936	\N
nm0001181	Jack Elam	1920	2003
nm0143599	Johnny Cash	1932	2003
nm0428618	L.Q. Jones	1927	\N
nm0000640	Martin Sheen	1940	\N
nm0934750	William Windom	1923	2012
nm0142576	Randall Carver	1946	\N
nm0894497	Ron Vernan	1939	\N
nm0199049	Bill Dana	1924	2017
nm0807571	Bubba Smith	1945	2011
nm0001101	Ted Danson	1947	\N
nm0903677	Arnold Vosloo	1962	\N
nm0073128	A.J. Benza	1962	\N
nm0154914	Ken Cheeseman	1954	\N
nm0082526	Peter Billingsley	1971	\N
nm2714975	Ravi Godse	\N	\N
nm1533528	Erik Alexander	\N	\N
nm7734846	Aimee Isobe	\N	\N
nm0001816	Robert Vaughn	1932	2016
nm0000869	Alan Bates	1934	2003
nm0005270	Aaron Neville	1941	\N
nm0001252	Vincent Gallo	1961	\N
nm0001803	Danny Trejo	1944	\N
nm0005048	Thomas Jane	1969	\N
nm0000332	Don Cheadle	1964	\N
nm2523085	Ario Bayu	1985	\N
nm0000185	Dolph Lundgren	1957	\N
nm5048430	Slazenger Chinked	\N	\N
nm0001334	John Heard	1946	2017
nm0001507	Cheech Marin	1946	\N
nm0001077	Richard Crenna	1926	2003
nm0456124	Bruno Kirby	1949	2006
nm0471856	Gary Kroeger	1957	\N
nm0313364	Brian George	1952	\N
nm2045889	Gavin Dunne	\N	\N
nm1863531	Tom Bartos	\N	\N
nm1292661	Luke Hemsworth	\N	\N
nm0066098	Shelley Berman	1925	2017
nm0523186	Geoffrey Lower	1963	\N
nm2732189	Wiley Kennedy III	\N	\N
nm0000981	James Brolin	1940	\N
nm0234969	Brandon Douglas	1968	\N
nm0792464	Hiram Sherman	1908	1989
nm0573024	Horace McMahon	1906	1971
nm0370821	Richard Haydn	1905	1985
nm0428216	Henry Jones	1912	1999
nm0769445	Richard Schaal	1928	2014
nm0077692	Vincent Berry	\N	\N
nm0233539	Larry Dorf	\N	\N
nm0001841	George Wendt	1948	\N
nm0290475	Don Francks	1932	2016
nm0162400	Nick Cinardo	\N	\N
nm0875951	Michael Tucker	1945	\N
nm0000421	Cuba Gooding Jr.	1968	\N
nm0001794	Henry Thomas	1971	\N
nm0602821	Dan Moran	\N	\N
nm0383603	Freddie Highmore	1992	\N
nm0331516	Ryan Gosling	1980	\N
nm1027286	Andrew W. Walker	1979	\N
nm0026940	John Anderson	1951	\N
nm0972971	Max Cleland	1942	\N
nm0291368	Brian Lee Franklin	\N	\N
nm0148516	Aleksey Serebryakov	1964	\N
nm0342732	George Grizzard	1928	2007
nm0399663	David Huddleston	1930	2016
nm0749017	Joshua Rudoy	1975	\N
nm0000243	Denzel Washington	1954	\N
nm0000661	Donald Sutherland	1935	\N
nm0300926	Paul Gagne	\N	\N
nm0762424	Jake Sandvig	1986	\N
nm0491402	Hugh Laurie	1959	\N
nm1802209	Nick Kroll	1978	\N
nm0098758	Mathew Botuchis	1983	\N
nm0001574	Michael O'Keefe	1955	\N
nm1702472	Michael Gio Ferrigno	1975	\N
nm0938084	Kedric Robin Wolfe	\N	\N
nm0391738	Adrian Holmes	1974	\N
nm4313445	Smothers Brothers	\N	\N
nm1298716	Christian Chávez	1983	\N
nm0004775	Todd Bridges	1965	\N
nm0201688	Henry Darrow	1933	\N
nm0001235	William Forsythe	1955	\N
nm0736263	Daniel Roebuck	1963	\N
nm0000111	Matthew Broderick	1962	\N
nm0130286	Michael Callan	1935	\N
nm0382675	Tom Hickey	\N	\N
nm5410338	Mark Hulderman	\N	\N
nm0000985	James L. Brooks	1940	\N
nm4155386	Tim Martin	\N	\N
nm0131235	Christian Camargo	1971	\N
nm0001850	Billy Dee Williams	1937	\N
nm0001319	Mark Harmon	1951	\N
nm0191442	Brett Cullen	1956	\N
nm0068551	Tobin Bell	1942	\N
nm0186803	J.W. Crawford	1954	\N
nm0001233	Robert Forster	1941	\N
nm0124089	Andrew Bush	\N	\N
nm2537019	Andrew Rush	\N	\N
nm1232808	Trae Ireland	1978	\N
nm3527397	Shashwata Chatterjee	\N	\N
nm6341784	Shane Paul McGhie	\N	\N
nm0376347	Bill Henderson	1926	2016
nm0949350	Burt Young	1940	\N
nm0000418	Danny Glover	1946	\N
nm0001293	Seth Green	1974	\N
nm0000123	George Clooney	1961	\N
nm2057036	Shiloh Fernandez	1985	\N
nm0541766	Miles Mander	1888	1946
nm0002285	Pat O'Brien	1899	1983
nm0871287	Henry Travers	1874	1965
nm0409869	John Ireland	1914	1992
nm0393028	Oskar Homolka	1898	1978
nm0930732	Harcourt Williams	1880	1957
nm0848560	Russ Tamblyn	1934	\N
nm0427894	Dean Jones	1931	2015
nm0690880	Roy Poole	1924	1986
nm0799108	Armando Silvestre	1926	\N
nm0133341	Victor Campos	1935	\N
nm0450130	Lance Kerwin	1960	\N
nm0000897	Ralph Bellamy	1904	1991
nm0345340	Harry Guardino	1925	1995
nm0002072	Mel Ferrer	1917	2008
nm0001070	Bill Cosby	1937	\N
nm0593192	Cameron Mitchell	1918	1994
nm0001875	Anthony Zerbe	1936	\N
nm0172355	Jack Collins	1918	2005
nm0063467	James Beach	1942	1985
nm0302800	James Gallery	1935	2001
nm0546439	Jerry Maren	1920	\N
nm0000273	Alan Arkin	1934	\N
nm0000564	Peter O'Toole	1932	2013
nm0167649	Kim Coates	1958	\N
nm0697587	Barry Primus	1938	\N
nm0000893	Ed Begley Jr.	1949	\N
nm0005162	Robert Loggia	1930	2015
nm1362555	Patrick Jordan	\N	\N
nm3783269	Andrew Harrington	\N	\N
nm0378200	Darrin Dewitt Henson	1972	\N
nm0455133	Perry King	1948	\N
nm0000686	Christopher Walken	1943	\N
nm0000916	Peter Berg	1964	\N
nm0001262	Ben Gazzara	1930	2012
nm0002078	Frederic Forrest	1936	\N
nm0330687	Joseph Gordon-Levitt	1981	\N
nm0147147	Henry Cavill	1983	\N
nm0331577	Luke Goss	1968	\N
nm1101910	Chuck Liddell	1969	\N
nm0001776	Sting	1951	\N
nm0193061	Christopher Curry	1948	\N
nm0000625	Fred Savage	1976	\N
nm0005177	Howie Mandel	1955	\N
nm0001484	Jon Lovitz	1957	\N
nm0936364	Jim Wise	1964	\N
nm0505949	Samm Levine	1982	\N
nm1147516	John Maynard	1959	\N
nm2255441	Cuyle Carvin	1980	\N
nm1784872	Ptolemy Slocum	1975	\N
nm0116575	Philip Bruns	1931	2012
nm0484880	Joe Lando	1961	\N
nm0000050	Groucho Marx	1890	1977
nm1694307	Miles Markus	\N	\N
nm0177927	Charles Cooper	1926	2013
nm0118608	Hal Buckley	1937	1986
nm0068772	Harry Bellaver	1905	1993
nm0627950	John Newland	1917	2000
nm0485272	Charles Lane	1905	2007
nm0775213	Avery Schreiber	1935	2002
nm1067317	Nico Cortez	\N	\N
nm0453910	Clint Kimbrough	1933	1996
nm1794688	Darin Brooks	1984	\N
nm0004878	Kevin Dobson	1943	\N
nm0286561	Richard Foronjy	1937	\N
nm0002025	Hume Cronyn	1911	2003
nm0397124	Arliss Howard	1954	\N
nm0625280	Danny Nelson	\N	\N
nm0480775	Adam LeFevre	1950	\N
nm0763928	Rodrigo Santoro	1975	\N
nm0128995	Howard Caine	1928	1993
nm0000190	Matthew McConaughey	1969	\N
nm1684874	William Barker	\N	\N
nm2890897	Nathaniel Fick	\N	\N
nm6503495	Joseph Paul Huffman	\N	\N
nm2666885	Clifford Samuel	\N	\N
nm0000237	John Travolta	1954	\N
nm0580565	Burgess Meredith	1907	1997
nm0114487	Reb Brown	1948	\N
nm0001384	Ice-T	1958	\N
nm0411964	Zeljko Ivanek	1957	\N
nm0214500	Jacy DeFilippo	\N	\N
nm0750913	Tim Russ	1956	\N
nm0736622	Seth Rogen	1982	\N
nm1741002	Matt Smith	1982	\N
nm1638022	Spencer Daniels	1992	\N
nm0001186	Denholm Elliott	1922	1992
nm0549872	Roberto Martín Márquez	1960	\N
nm0000608	Burt Reynolds	1936	\N
nm0071818	Jeff Bennett	1962	\N
nm0004873	Andy Dick	1965	\N
nm5243224	Alfredo Avila	\N	\N
nm0458514	Martin Klebba	1969	\N
nm0758692	Albert Salmi	1927	1990
nm0395448	Lee Horsley	1955	\N
nm0524197	Josh Lucas	1971	\N
nm0566234	Brian McConnachie	\N	\N
nm0075671	Warren Berlinger	1937	\N
nm0686539	Nigel Planer	1953	\N
nm2005930	Allan McLeod	\N	\N
nm0001097	Charles Dance	1946	\N
nm3996748	Zhubin Parang	\N	\N
nm0791864	Scott Shepherd	\N	\N
nm0504009	Will Leskin	\N	\N
nm0340973	Jon Gries	1957	\N
nm0193554	Vondie Curtis-Hall	1950	\N
nm0301681	T.J. Galash	1977	\N
nm0198769	Frank A. Damiani	\N	\N
nm0202966	Keith David	1956	\N
nm2345856	Eli Goree	\N	\N
nm3773935	Vishal Patel	\N	\N
nm2925829	Willie Taylor	\N	\N
nm3637167	Jonny Loquasto	\N	\N
nm0000546	Matthew Modine	1959	\N
nm0876375	Paul Tulley	1942	\N
nm0166045	Paul Clemens	1958	\N
nm0001952	Rubén Blades	1948	\N
nm0072344	Abraham Benrubi	1969	\N
nm3182094	Chris Colfer	1990	\N
nm0001162	Griffin Dunne	1955	\N
nm0211848	Joe De Stefani	1879	1940
nm0354947	Jonathan Hale	1891	1966
nm0709681	Ron Randell	1918	2005
nm0926235	James Whitmore	1921	2009
nm0641454	Dennis O'Keefe	1908	1968
nm0522481	Frank Lovejoy	1912	1962
nm0000558	Leslie Nielsen	1926	2010
nm0789485	Mickey Shaughnessy	1920	1985
nm0000165	Ron Howard	1954	\N
nm0263496	Chad Everett	1937	2012
nm0285825	Peter Ford	1945	\N
nm0950867	Harris Yulin	1937	\N
nm0240887	Andrew Duggan	1923	1988
nm0175200	Chuck Connors	1921	1992
nm0000448	Lance Henriksen	1940	\N
nm0001362	Bob Hope	1903	2003
nm0569000	Darren McGavin	1922	2006
nm0082300	Tony Bill	1940	\N
nm0111754	Walter Brooke	1914	1986
nm0104919	Hank Brandt	1934	2004
nm0015827	Michael Alaimo	\N	\N
nm0659573	Stuart Pankin	1946	\N
nm0534409	Bill Macy	1922	\N
nm0564857	Donal McCann	1943	1999
nm0015370	Philip Akin	1950	\N
nm0732455	Charles Robinson	1945	\N
nm1544217	Cam Gigandet	1982	\N
nm0636562	Chris Noth	1954	\N
nm0454236	Richard Kind	1956	\N
nm3781067	Frank Kosteczko	\N	\N
nm1216826	Igor Jijikine	1965	\N
nm0001800	Rip Torn	1931	\N
nm0704009	Thomas Quinn	1934	\N
nm0000551	Dermot Mulroney	1963	\N
nm0000241	Jean-Claude Van Damme	1960	\N
nm0775368	Werner Schreyer	1970	\N
nm1641117	Alex Pettyfer	1990	\N
nm0000457	John Hurt	1940	2017
nm0001108	Robert Davi	1951	\N
nm0542000	Marshall Manesh	1950	\N
nm0233209	Paul Dooley	1928	\N
nm0646768	Barret Oliver	1973	\N
nm0491357	Dan Lauria	1947	\N
nm0001131	Patrick Dempsey	1966	\N
nm0689237	Jon Polito	1950	2016
nm0269463	Jon Favreau	1966	\N
nm0001409	Tchéky Karyo	1953	\N
nm1097169	Michael 'Mick' Harrity	\N	\N
nm1722487	Jody Ebert	\N	\N
nm0940173	Danny Woodburn	1964	\N
nm0122036	Dennis Burkley	1945	2013
nm0867592	Shawn Toovey	1983	\N
nm0555597	Chico Marx	1887	1961
nm0294153	Michael Bryan French	\N	\N
nm0579663	Adolphe Menjou	1890	1963
nm0333589	Don Grady	1944	2012
nm5376330	Kenneth Nelson	\N	\N
nm0731772	Cliff Robertson	1923	2011
nm0001894	Danny Dayton	1923	1999
nm1524996	The Serendipity Singers	\N	\N
nm0016359	Denny Albee	1949	\N
nm0175788	Hans Conried	1917	1982
nm1336416	Scott Clifton	1984	\N
nm0244359	Michael Durrell	1943	\N
nm0378261	Alex Henteloff	1942	\N
nm0001018	Keith Carradine	1949	\N
nm0007210	Saul Rubinek	1948	\N
nm0489644	Michael Laskin	1951	\N
nm0093422	Marc Bolton	\N	\N
nm0000459	Timothy Hutton	1960	\N
nm0893390	Richard Venture	1923	2017
nm0289142	Matthew Fox	1966	\N
nm0055977	Sean Barnett	\N	\N
nm0936403	Ray Wise	1947	\N
nm0389333	David Hoflin	1979	\N
nm5189784	Alex Sharp	\N	\N
nm0001240	Dennis Franz	1944	\N
nm0171754	Christopher Collet	1968	\N
nm0036544	Madison Arnold	1936	\N
nm0000874	Steven Bauer	1956	\N
nm0001431	Wayne Knight	1955	\N
nm0326108	Merwin Goldsmith	1937	\N
nm1264521	Aidan McArdle	\N	\N
nm0970606	Cody Cameron	1970	\N
nm0194900	Nicholas D'Agosto	1980	\N
nm0449570	Jerry Kernion	\N	\N
nm0209496	John de Lancie	1948	\N
nm0140086	Rene Carrasco	\N	\N
nm0401018	D.L. Hughley	1963	\N
nm5127756	Michael Flores	\N	\N
nm0338381	Tom Green	1971	\N
nm1738092	Alfonso DiLuca	1963	\N
nm0566902	Darius McCrary	1976	\N
nm0000760	Richard Dean Anderson	1950	\N
nm0011726	Walter Addison	1946	\N
nm0119116	Jeffrey Buehl	\N	\N
nm0316079	Paul Giamatti	1967	\N
nm0047699	Conrad Bain	1923	2013
nm0934014	Richard Wilson	1936	\N
nm4941191	Dave Pavoni	\N	\N
nm0000410	Stephen Fry	1957	\N
nm4877376	Ben Rameaka	\N	\N
nm0625789	Tim Blake Nelson	1964	\N
nm0533227	Keith MacKechnie	1955	\N
nm0099909	John Bourgeois	\N	\N
nm0005435	Sinbad	1956	\N
nm0049896	Doug Baldwin	\N	\N
nm0216591	John DeLay	\N	\N
nm0246004	Richard Dysart	1929	2015
nm3239513	Adam Lomas	\N	\N
nm0005522	Mario Van Peebles	1957	\N
nm0318821	Aidan Gillen	1968	\N
nm4962136	Paul Whetstone	\N	\N
nm0000240	Skeet Ulrich	1970	\N
nm0486985	Les Lannom	1946	\N
nm0339468	Leighton Greer	\N	\N
nm0088745	Larry Block	1942	2012
nm2325393	Zachary Gordon	1998	\N
nm0794128	John Wesley Shipp	1955	\N
nm9264445	Lee DiFilippo	\N	\N
nm0000731	Brian Aherne	1902	1986
nm0000068	Randolph Scott	1898	1987
nm0430460	Victor Jory	1902	1982
nm0445868	Barry Kelley	1908	1991
nm0779923	Zachary Scott	1914	1965
nm0003110	Cesar Romero	1907	1994
nm0379621	Juano Hernandez	1896	1970
nm0005348	Carl Reiner	1922	\N
nm0001544	Ricardo Montalban	1920	2009
nm0581282	Gary Merrill	1915	1990
nm0263052	Maurice Evans	1901	1989
nm0175700	Michael Conrad	1925	1983
nm0000032	Charlton Heston	1923	2008
nm8568441	Charles East	\N	\N
nm0001379	John Huston	1906	1987
nm0915840	Dennis Weaver	1924	2006
nm0549325	Scott Marlowe	1932	2001
nm0775870	John Schuck	1940	\N
nm0088781	Dirk Blocker	1957	\N
nm0001175	Blake Edwards	1922	2010
nm0848091	Bruce Talkington	1949	2000
nm0163725	Brett Baxter Clark	\N	\N
nm0333701	David Graf	1950	2001
nm0001492	Kyle MacLachlan	1959	\N
nm0574540	Michael McShane	1955	\N
nm0075359	Xander Berkeley	1955	\N
nm1555200	Jonathon Trent	1984	\N
nm0091899	Eric Bogosian	1953	\N
nm2100755	Aaron Kleiber	1981	\N
nm3668748	Robin Mountjoy	\N	\N
nm2391047	Sean Patrick Flaherty	\N	\N
nm0733929	Eugene Roche	1928	2004
nm0222094	Nikolaus Dutsch	\N	\N
nm0505971	Ted Levine	1957	\N
nm0005379	Dennis Rodman	1961	\N
nm0498782	Scott Anthony Leet	1962	\N
nm0905295	Avery Kidd Waddell	1976	\N
nm0001151	Stephen Dorff	1973	\N
nm0751638	James Russo	1953	\N
nm4940132	Daniel R. Hill	\N	\N
nm0160550	Dennis Christopher	1955	\N
nm0536850	Joseph Maher	1933	1998
nm0381155	Jason Hervey	1972	\N
nm0343325	Arye Gross	1960	\N
nm0837976	Brad Sullivan	1931	2008
nm0001001	James Caan	1940	\N
nm1747801	Mad Martian	\N	\N
nm0924196	Sam Whipple	1960	2002
nm4168838	Sam Kirk	\N	\N
nm0120974	Hal Burdick	1893	1978
nm0001056	Dabney Coleman	1932	\N
nm0020354	Chad Allen	1974	\N
nm0018514	John Alexander	1897	1982
nm0167024	Robert Clohessy	1957	\N
nm0120490	Ralph Bunker	1888	1966
nm0588922	Marvin Miller	1913	1985
nm0183358	Kevin Coughlin	1945	1976
nm0853299	Vaughn Taylor	1911	1983
nm0001304	Fred Gwynne	1926	1993
nm0035954	Sidney Armus	1924	2002
nm0192351	John Cunningham	1932	\N
nm0340359	Googy Gress	1958	\N
nm0791156	Stephen Shellen	1957	\N
nm0116483	Bruce Kirby	1928	\N
nm0052186	Jonathan Banks	1947	\N
nm0912001	Jack Warden	1920	2006
nm0808376	Gregory Smith	1983	\N
nm0642145	Ed O'Neill	1946	\N
nm0001305	Lukas Haas	1976	\N
nm1107001	Anthony Mackie	1978	\N
nm0400464	Barnard Hughes	1915	2006
nm0400223	Neal Huff	\N	\N
nm2629745	Nicholas Baute	\N	\N
nm1022429	Sam Witwer	1977	\N
nm0874082	Jim True-Frost	1966	\N
nm1265212	Benjamin Beatty	1994	\N
nm0315288	John Getz	1946	\N
nm0183573	Richard Council	1947	\N
nm0001738	Jonathan Silverman	1966	\N
nm0000230	Sylvester Stallone	1946	\N
nm0829390	French Stewart	1964	\N
nm0412508	Alexander C. Iwachiw	1985	\N
nm1017414	Steven Robertson	\N	\N
nm0971017	Christopher Knights	1972	\N
nm2484764	Steven Boyer	\N	\N
nm0820574	David St. James	1947	\N
nm0892455	Eddie Velez	1958	\N
nm0370729	Dennis Hayden	1952	\N
nm0913587	Paul Wesley	1982	\N
nm1144472	Harrison Chad	1992	\N
nm1169127	Mac King	\N	\N
nm3049041	Samuel Whitten	\N	\N
nm0001821	Jan-Michael Vincent	1944	\N
nm0399590	Cooper Huckabee	1951	\N
nm0010486	Mark Adair-Rios	\N	\N
nm0734236	Charles Rocket	1949	2005
nm0942482	Jeffrey Wright	1965	\N
nm1727367	Tim Heidecker	1976	\N
nm0002117	Paul Guilfoyle	1949	\N
nm2861566	Luis Sanchez	1988	\N
nm0002091	Michael Gambon	1940	\N
nm4246505	Evan Hoyt Thompson	\N	\N
nm5911733	Jack Michael Doke	\N	\N
nm0143779	Philip Casnoff	1949	\N
nm0005516	Blair Underwood	1964	\N
nm0913465	Jascha Washington	1989	\N
nm0534298	Michael MacRae	1949	\N
nm0372217	Anthony Heald	1944	\N
nm0443856	James Keane	1952	\N
nm0606600	Ishan Morris	\N	\N
nm1942929	Ray D'Alessio	\N	\N
nm0000680	Casper Van Dien	1968	\N
nm5987060	Dimitriy Shyrokov	\N	\N
nm4491241	George Blagden	\N	\N
nm0011301	Richard C. Adams	1935	\N
nm0641397	Dan O'Herlihy	1919	2005
nm0435695	Jamie Kaler	1964	\N
nm6627667	James Freedson-Jackson	\N	\N
nm0025255	Gene Amoroso	\N	\N
nm0533692	Barton MacLane	1902	1969
nm0000064	Edward G. Robinson	1893	1973
nm0662700	Willard Parker	1912	1996
nm0002024	Broderick Crawford	1911	1986
nm0780038	Alexander Scourby	1913	1985
nm0129894	Louis Calhern	1895	1956
nm0000008	Marlon Brando	1924	2004
nm0569410	John McGiver	1913	1975
nm0002048	Melvyn Douglas	1901	1981
nm0676928	Paul Petersen	1945	\N
nm0703033	Anthony Quayle	1913	1989
nm0311811	Ted Gehring	1929	2000
nm0000336	James Coburn	1928	2002
nm0262775	Gene Evans	1922	1998
nm0199325	Lawrence Dane	1937	\N
nm0201239	Bobby Darin	1936	1973
nm0792385	Bobby Sherman	1943	\N
nm0000638	William Shatner	1931	\N
nm0701500	Denver Pyle	1920	1997
nm0390267	Scott Holden	1946	2005
nm0001642	Randy Quaid	1950	\N
nm0368561	Robert Hastings	1925	2014
nm0935498	Michael Winslow	1958	\N
nm0761587	Jay O. Sanders	1953	\N
nm1482841	Peter Maloney	\N	\N
nm0372366	Pat Healy	1971	\N
nm0001734	Armin Shimerman	1949	\N
nm1087290	Dominic Rickhards	\N	\N
nm0441929	Bruce Katzman	1951	\N
nm0001629	Kevin Pollak	1957	\N
nm3637122	Matt Grace	\N	\N
nm0000454	Dennis Hopper	1936	2010
nm0000151	Morgan Freeman	1937	\N
nm0001525	John C. McGinley	1959	\N
nm0293550	Paul Freeman	1943	\N
nm0160541	Bojesse Christopher	\N	\N
nm0000401	Laurence Fishburne	1961	\N
nm0000195	Bill Murray	1950	\N
nm0000514	Michael Madsen	1957	\N
nm0001744	Tom Sizemore	1961	\N
nm0000598	Dennis Quaid	1954	\N
nm0001884	Max von Sydow	1929	\N
nm0767606	Josh Saviano	1976	\N
nm0105672	Andre Braugher	1962	\N
nm0001834	Damon Wayans	1960	\N
nm0091443	Christian Boeving	1969	\N
nm0000474	Michael Keaton	1951	\N
nm0378068	Tom Henschel	1951	\N
nm0004949	Troy Garity	1973	\N
nm0144710	Richard S. Castellano	1933	1988
nm0201089	Severn Darden	1929	1995
nm0461220	Jim Knobeloch	1950	\N
nm0084174	Richard Bishop	1898	1956
nm1682573	Justin Baldoni	1984	\N
nm0544064	Joe Mantell	1915	2010
nm0241523	Douglass Dumbrille	1889	1974
nm0001306	Larry Hagman	1931	2012
nm0356983	Luke Halpin	1947	\N
nm0570451	Frank McHugh	1898	1981
nm0263885	Tom Ewell	1909	1994
nm0221241	Robert Desiderio	1951	\N
nm0745194	Will Rothhaar	1987	\N
nm0488970	Darrell Larson	1950	\N
nm0524747	William Lucking	1941	\N
nm0174681	Bill Conklin	\N	\N
nm0171107	Kevin Coleman	\N	\N
nm0570385	Stephen McHattie	1947	\N
nm0682386	Jeffrey Pierce	1971	\N
nm0441588	Nicky Katt	1970	\N
nm0001099	Jeff Daniels	1955	\N
nm0001255	Victor Garber	1949	\N
nm0347375	Tim Guinee	1962	\N
nm2625954	Ted Borek	\N	\N
nm1501294	Alessandro Mario	1975	\N
nm4838234	Corey Cott	\N	\N
nm1706832	Christopher Denham	\N	\N
nm0254634	Stephen Elliott	1918	2005
nm0770938	Robert Schenkkan	1953	\N
nm0001278	John Glover	1944	\N
nm0002057	Richard Edson	1954	\N
nm0000279	Hank Azaria	1964	\N
nm0726200	Peter Riegert	1947	\N
nm2083168	Caleb Babcock	1999	\N
nm0970447	Conrad Vernon	1968	\N
nm0002071	Will Ferrell	1967	\N
nm0741034	Bert Rosario	\N	\N
nm0188795	Patrick Cronin	\N	\N
nm0381043	Louis Herthum	1956	\N
nm0219430	Charles Dennis	1946	\N
nm1036205	Marc Weiner	1955	\N
nm0514648	Rich Little	1938	\N
nm0520901	Dan Martin	1951	\N
nm0000732	Danny Aiello	1933	\N
nm0633387	Al No'mani	\N	\N
nm0666871	Jarrad Paul	1976	\N
nm0579742	Sam Menning	1925	2010
nm0441747	Jonathan Katz	1946	\N
nm1728099	Eric Wareheim	1976	\N
nm0005221	Christopher Meloni	1961	\N
nm1483369	Chris O'Dowd	1979	\N
nm0001290	Richard E. Grant	1957	\N
nm2270626	Angel Bonanni	\N	\N
nm1985974	Michael Chernus	1977	\N
nm0005204	Paul McCrane	1961	\N
nm0000902	Jim Belushi	1954	\N
nm0005239	Kel Mitchell	1978	\N
nm1231978	Garrett Courtney	1986	\N
nm5416080	Jonathan Rundman	\N	\N
nm0005098	Chris Klein	1979	\N
nm0605514	D. David Morin	1955	\N
nm0143378	Bernie Casey	1939	2017
nm4568747	Bryan Head	\N	\N
nm3619157	Brennan Murray	1988	\N
nm2264199	Robbie Kay	1995	\N
nm0083709	David Birney	1939	\N
nm0192980	Michael Currie	1928	2009
nm3380171	Nico Tortorella	\N	\N
nm4881741	Hays Wellford	2003	\N
nm4024978	Owen Burke	\N	\N
nm0514344	John Litel	1892	1972
nm0118000	Edgar Buchanan	1903	1979
nm0789185	Albert Sharpe	1885	1970
nm0593612	Millard Mitchell	1903	1953
nm0362567	Cedric Hardwicke	1893	1964
nm0000549	Roger Moore	1927	2017
nm0000734	Eddie Albert	1906	2005
nm0737924	Gustavo Rojo	1923	2017
nm0000822	Jim Backus	1913	1989
nm0137046	Timothy Carey	1929	1994
nm0875861	Forrest Tucker	1919	1986
nm0571853	Bill McKinney	1931	2011
nm0002037	Cliff De Young	1945	\N
nm0000633	Tom Selleck	1945	\N
nm0001852	Treat Williams	1951	\N
nm0001740	O.J. Simpson	1947	\N
nm0915557	Fredd Wayne	1924	\N
nm0831791	Christopher Stone	1942	1995
nm0065798	Henry Beckman	1921	2008
nm0000053	Robert Mitchum	1917	1997
nm0852848	Mark L. Taylor	1950	\N
nm0001673	Jason Robards	1922	2000
nm0001770	Fisher Stevens	1963	\N
nm0856012	John Terry	1950	\N
nm1071454	John Rowe Jr.	\N	\N
nm0129248	Thomas Calabro	1959	\N
nm0483921	William Lampley	\N	\N
nm2844368	Nicolas Landman-Burghardt	\N	\N
nm1892960	Cengiz Bozkurt	1965	\N
nm0001136	Bruce Dern	1936	\N
nm7679840	Joe Lembo	\N	\N
nm0000616	Eric Roberts	1956	\N
nm0000164	Anthony Hopkins	1937	\N
nm0784262	Frank Senger	1954	2016
nm0000925	Steven Berkoff	1937	\N
nm0719678	Callum Keith Rennie	1960	\N
nm0005246	Esai Morales	1962	\N
nm0568180	Neal McDonough	1966	\N
nm0477127	Ryan Kwanten	1976	\N
nm0582257	Johnny Messner	1970	\N
nm0355097	Jackie Earle Haley	1961	\N
nm0532685	Stephen Macht	1942	\N
nm0004834	Stephen Collins	1947	\N
nm0789976	Stan Shaw	1952	\N
nm0000101	Dan Aykroyd	1952	\N
nm0698764	Robert Prosky	1930	2008
nm0575849	Alec Medlock	1990	\N
nm0943927	George Wyner	1945	\N
nm1965417	Braeden Lemasters	1996	\N
nm0228912	MacIntyre Dixon	1931	\N
nm0857475	Brother Theodore	1906	2001
nm0794687	William Shockley	1963	\N
nm0027735	Kris Andersson	1969	\N
nm0272473	Jay Michael Ferguson	\N	\N
nm0713277	Guy Raymond	1911	1997
nm0469809	Robert Krantz	\N	\N
nm0388155	Eddie Hodges	1947	\N
nm0887887	Luis Van Rooten	1906	1973
nm0715628	Paul Reed	1909	2007
nm0184392	Martin Kove	1946	\N
nm0282116	Steve Fletcher	1949	\N
nm1169531	Derek Waters	1979	\N
nm0622544	David Naughton	1951	\N
nm0750596	Al Ruscio	1924	2013
nm0338783	James Greene	1926	\N
nm0000977	Beau Bridges	1941	\N
nm0182456	Robert Costanzo	1942	\N
nm0877270	Glynn Turman	1947	\N
nm0001520	Christopher McDonald	1955	\N
nm0009716	Kirk Acevedo	1971	\N
nm0162361	Leonardo Cimino	1917	2012
nm0281909	Glenn Fleshler	\N	\N
nm0701561	John Pyper-Ferguson	1964	\N
nm0002332	Stephen Lang	1952	\N
nm4154798	Brenton Thwaites	1989	\N
nm0001579	Edward James Olmos	1947	\N
nm0000245	Robin Williams	1951	2014
nm0614526	Michael Murphy	1938	\N
nm0000469	James Earl Jones	1931	\N
nm0000754	Kevin Anderson	1960	\N
nm0001251	Peter Gallagher	1955	\N
nm0354261	Larry Haines	1918	2008
nm0464940	Kim Kondrashoff	\N	\N
nm2253071	Charlie Tahan	1998	\N
nm0000242	Mark Wahlberg	1971	\N
nm0001185	Hector Elizondo	1936	\N
nm0634694	Frank Noon	\N	\N
nm0000296	Robert Beltran	1953	\N
nm0001868	Michael York	1942	\N
nm1519146	Jed Becker	\N	\N
nm1087202	Ronn Lucas	\N	\N
nm1370225	Tomas Boykin	\N	\N
nm0098733	Joseph Bottoms	1954	\N
nm1058940	Scoot McNairy	1977	\N
nm2471753	Dick Bellerue	\N	\N
nm0000120	Jim Carrey	1962	\N
nm0109956	Patrick Bristow	1962	\N
nm0000228	Kevin Spacey	1959	\N
nm0134072	Bobby Cannavale	1970	\N
nm1171145	Patrick Kennedy	1977	\N
nm0001394	Derek Jacobi	1938	\N
nm1740306	Steve Belford	1980	\N
nm0001113	Brad Davis	1949	1991
nm0001025	Seymour Cassel	1935	\N
nm0001096	Timothy Dalton	1946	\N
nm0962260	Brett Kelly	1993	\N
nm0537103	Michael C. Mahon	1959	\N
nm0675949	Robert Pescovitz	\N	\N
nm0004890	Fred Durst	1970	\N
nm0001263	Jason Gedrick	1965	\N
nm3449343	Max Schneider	\N	\N
nm0307710	Guy Garner	\N	\N
nm4838136	Peter Bawiec	\N	\N
nm0116465	Dylan Bruno	1972	\N
nm0179743	Nick Corello	\N	\N
nm0515128	Jason Lively	1968	\N
nm0700856	James Purefoy	1964	\N
nm0924154	Shea Whigham	1969	\N
nm4605848	David Cedrone	\N	\N
nm0749476	Charles Ruggles	1886	1970
nm0534317	George Macready	1899	1973
nm0322299	James Gleason	1882	1959
nm0642180	Henry O'Neill	1891	1961
nm0010240	Rodolfo Acosta	1920	1974
nm0445523	Cecil Kellaway	1893	1973
nm0001336	Van Heflin	1908	1971
nm0640023	Arthur O'Connell	1908	1981
nm0026295	Michael Anderson Jr.	1943	\N
nm0415591	Dean Jagger	1903	1991
nm0122798	Michael Burns	1947	\N
nm0016365	Josh Albee	1959	\N
nm0818578	David Spielberg	1939	2016
nm0652346	Jeff Osterhage	1953	\N
nm0002012	Randall 'Tex' Cobb	1950	\N
nm0002095	Will Geer	1902	1978
nm0915536	David Wayne	1914	1995
nm0000799	Edward Asner	1929	\N
nm0446438	Jack Kelly	1927	1992
nm8984875	Michael Conrad	\N	\N
nm0001500	Karl Malden	1912	2009
nm0191633	John Cullum	1930	\N
nm0671721	Austin Pendleton	1940	\N
nm0001098	Rodney Dangerfield	1921	2004
nm0001698	John Savage	1949	\N
nm0000284	Adam Baldwin	1962	\N
nm2656676	Frederick Castellano	\N	\N
nm0001166	James Duval	1972	\N
nm2253666	Josh Folan	1981	\N
nm0719606	Patrick Renna	1979	\N
nm5604130	Sean Kleier	\N	\N
nm0518821	John Lone	1952	\N
nm0000467	Don Johnson	1949	\N
nm0004778	Adrien Brody	1973	\N
nm0078517	Gene Bervoets	1956	\N
nm0654110	Clive Owen	1964	\N
nm0000671	Billy Bob Thornton	1955	\N
nm0990122	Will Bowden	1971	\N
nm0421114	Bob Jennings	\N	\N
nm1192029	Nathan Reid	\N	\N
nm0001702	Roy Scheider	1932	2008
nm0899687	Mikey Viso	\N	\N
nm0592030	Evan Mirand	\N	\N
nm0000346	Macaulay Culkin	1980	\N
nm0444786	Tom Kenny	1962	\N
nm0122916	Vincent J. Burns	\N	\N
nm0808584	James Aaron Smith	\N	\N
nm0848716	Tom Tammi	1945	\N
nm3462855	Valin Shinyei	\N	\N
nm0230544	Chet Doherty	\N	\N
nm0728509	Cyril Ritchard	1897	1977
nm0172806	Frank Collison	1950	\N
nm0075720	Al Berman	\N	\N
nm0000867	Jason Bateman	1969	\N
nm0001380	Jim Hutton	1934	1979
nm0488262	Bob Larkin	1929	\N
nm0000527	Walter Matthau	1920	2000
nm0500353	Jan Leighton	1921	2009
nm0217562	Kenny Delmar	1910	1984
nm0598757	Bruce Montague	1939	\N
nm0293272	Al Freeman Jr.	1931	2012
nm0742146	Michael Rosenbaum	1972	\N
nm0500038	Ron Leibman	1937	\N
nm0000530	Andrew McCarthy	1962	\N
nm0176599	William Converse-Roberts	\N	\N
nm0093546	Bryan Clark	1929	\N
nm0035060	Adam Arkin	1956	\N
nm0920038	Titus Welliver	1961	\N
nm0000458	William Hurt	1950	\N
nm0000358	Daniel Day-Lewis	1957	\N
nm0301305	Boyd Gaines	1953	\N
nm0236187	Jason Downs	1973	\N
nm0142206	Ryan Cartwright	1981	\N
nm0740264	Michael Rooker	1955	\N
nm0004991	Hill Harper	1966	\N
nm0000547	Alfred Molina	1953	\N
nm0000156	Jeff Goldblum	1952	\N
nm0794890	Dan Shor	1956	\N
nm0865302	Tony Todd	1954	\N
nm0148940	Jorge Cervera Jr.	1943	\N
nm0438127	John Kapelos	1956	\N
nm0613997	Christopher Murney	1943	\N
nm0328828	Matthew Goode	1978	\N
nm2523072	Michael Socha	1987	\N
nm0000154	Mel Gibson	1956	\N
nm0764134	Joe Santos	1931	2016
nm0773884	John Schneider	1960	\N
nm0686470	Tony Plana	1952	\N
nm0065183	John Beck	1943	\N
nm2833606	Joe Casino	1943	\N
nm0347039	Robert Guillaume	1927	2017
nm0869827	Luis Felipe Tovar	1961	\N
nm0001194	Jeff Fahey	1952	\N
nm0032371	Paul Appleby	\N	\N
nm0746503	Douglas Rowe	\N	\N
nm0001445	Martin Landau	1928	2017
nm0440860	Mark Kassen	1971	\N
nm0001459	Denis Leary	1957	\N
nm4182078	Luca Ariel Constanzo	\N	\N
nm4525818	Shek Baker	\N	\N
nm0000321	Gabriel Byrne	1950	\N
nm2539870	Julian Black Antelope	\N	\N
nm0000374	Brad Dourif	1950	\N
nm0220867	Anthony DeSando	1965	\N
nm0706883	Steve Railsback	1945	\N
nm0000836	Scott Bakula	1954	\N
nm0435917	Simos Kalivas	1969	\N
nm0085971	David Blackwood	\N	\N
nm0000998	Jake Busey	1971	\N
nm0314524	Greg Germann	1958	\N
nm2342614	Lance Gross	1981	\N
nm1404249	Gary Poux	1976	\N
nm0001002	Dean Cain	1966	\N
nm0032592	Aesop Aquarian	\N	\N
nm0600466	David Moody	\N	\N
nm0551185	Steve Marshall	1968	\N
nm0750826	Joseph Ruskin	1924	2013
nm0039162	Shawn Ashmore	1979	\N
nm6902614	Bruce Yang	\N	\N
nm0152430	Kevin Chapman	\N	\N
nm0545298	Fredric March	1897	1975
nm0130407	Joseph Calleia	1897	1975
nm0002013	Charles Coburn	1877	1961
nm0717203	Carl Benton Reid	1893	1973
nm0932629	Chill Wills	1902	1978
nm0000308	Ernest Borgnine	1917	2012
nm0391096	Earl Holliman	1928	\N
nm0640307	Donald O'Connor	1925	2003
nm0001792	Rod Taylor	1930	2015
nm0026930	John Anderson	1922	1992
nm0798855	Jay Silverheels	1912	1980
nm0001016	David Carradine	1936	2009
nm0250436	Vince Edwards	1928	1996
nm0424565	Ben Johnson	1918	1996
nm0697961	Ted Prior	1959	\N
nm0339834	James Gregory	1911	2002
nm0810461	William Smithers	1927	\N
nm0536781	George Maharis	1928	\N
nm0057983	Don 'Red' Barry	1912	1980
nm0309702	Jerry Gatlin	1933	\N
nm0002989	Andrew Stevens	1955	\N
nm0001787	Jeffrey Tambor	1944	\N
nm0791502	Paul Shenar	1936	1989
nm0571106	Michael McKean	1947	\N
nm0805429	Ryan Slater	1983	\N
nm0000442	Rutger Hauer	1944	\N
nm0167139	Robert Clotworthy	1955	\N
nm1060579	Peter Story	\N	\N
nm0234791	Doug E. Doug	1970	\N
nm0076167	Carlos Bernard	1962	\N
nm1344946	Ben Bailey	1970	\N
nm0855657	Leonard Termo	1935	2012
nm0000838	Daniel Baldwin	1960	\N
nm0004897	John Enos III	1962	\N
nm0397110	Andrew Howard	\N	\N
nm0001845	Forest Whitaker	1961	\N
nm0287898	Jon Foster	1984	\N
nm0224929	Dimitri Diatchenko	1968	\N
nm0541509	Ray 'Boom Boom' Mancini	1961	\N
nm0000328	Richard Chamberlain	1934	\N
nm0643105	Warren Oates	1928	1982
nm0527744	Franc Luz	1950	\N
nm0000480	Elias Koteas	1961	\N
nm0000582	Joe Pesci	1943	\N
nm0588777	Larry Miller	1953	\N
nm0295115	Will Friedle	1976	\N
nm0298351	Stephon Fuller	1965	\N
nm0398303	Richmond Hoxie	1946	\N
nm2209821	Danny Pudi	1979	\N
nm0000314	Charles Bronson	1921	2003
nm0000942	Theodore Bikel	1924	2015
nm0079439	Jack Betts	1929	\N
nm0943956	Ed Wynn	1886	1966
nm0874139	Ernest Truex	1889	1973
nm0160615	Robert Christopher	1922	2015
nm0017491	Norman Alden	1924	2012
nm0566584	Myron McCormick	1908	1962
nm0593775	Thomas Mitchell	1892	1962
nm0001430	Jack Klugman	1922	2012
nm0352758	Ron Haddrick	1929	\N
nm0313340	Anthony George	1921	2005
nm0192889	Tony Curran	1969	\N
nm0114894	Wendell Brown	\N	\N
nm0015952	Jeff Alan-Lee	\N	\N
nm0493311	Richard Lawson	1947	\N
nm0224703	Reed Diamond	1967	\N
nm0564921	Sean McCann	1935	\N
nm0005531	Donnie Wahlberg	1969	\N
nm0798779	Ron Silver	1946	2009
nm2172081	Nick Heyman	1984	\N
nm0661950	Steve Park	\N	\N
nm2625810	Matthew Brenckle	\N	\N
nm1406239	Warren Christie	1975	\N
nm0290556	James Franco	1978	\N
nm3584268	James Norton	1985	\N
nm0306950	Howard Gardner	\N	\N
nm0001258	James Garner	1928	2014
nm0103071	Richard Bradford	1934	2016
nm0000297	Tom Berenger	1949	\N
nm0295506	Colin Friels	1952	\N
nm0000196	Mike Myers	1963	\N
nm0001691	Geoffrey Rush	1951	\N
nm0004395	Adam Scott	1973	\N
nm3461801	Peter Gadiot	1986	\N
nm0243231	Jay Duplass	1973	\N
nm0763274	Arnaldo Santana	\N	\N
nm0290496	Abel Franco	1922	2000
nm0209850	Kamar de los Reyes	1967	\N
nm0029342	Emy Aneke	\N	\N
nm0003800	Sean Michael Fish	1964	\N
nm0578788	Carlos Mencia	1967	\N
nm0026789	Harry Anderson	1952	\N
nm0444940	Jack Kehler	1946	\N
nm0354024	Charles Haid	1943	\N
nm0000090	Armin Mueller-Stahl	1930	\N
nm0218810	Jeffrey DeMunn	1947	\N
nm0198931	John McCook	1944	\N
nm0008787	Simon Abkarian	1962	\N
nm0552509	Jesse L. Martin	1969	\N
nm0058178	Todd Barry	1964	\N
nm6324751	Gary Richardson	\N	\N
nm3333805	Jim Santangeli	\N	\N
nm0000299	Michael Biehn	1956	\N
nm0666966	Richard Joseph Paul	1962	\N
nm1312185	Lloyd Roseman	\N	\N
nm0001777	Dean Stockwell	1936	\N
nm0151033	Michael Paul Chan	1950	\N
nm0108470	Shane Briant	1946	\N
nm0005113	Eriq La Salle	1962	\N
nm0087373	John Harrington Bland	1968	\N
nm0480798	James Lafferty	1985	\N
nm1543989	Aml Ameen	1985	\N
nm0780678	Nick Searcy	1959	\N
nm1284939	Ford Austin	1971	\N
nm0569350	Walter McGinn	1936	1977
nm0071345	Paul Benjamin	\N	\N
nm3862996	Sam Underwood	1987	\N
nm2991877	Max Chaiet	\N	\N
nm0906940	Raymond Walburn	1887	1969
nm0000034	William Holden	1918	1981
nm0163816	Dane Clark	1912	1998
nm0949574	Gig Young	1913	1978
nm0639529	Edmond O'Brien	1915	1985
nm0639385	Hugh O'Brian	1925	2016
nm0001768	Rod Steiger	1925	2002
nm0000493	Jack Lemmon	1925	2001
nm0793363	James Shigeta	1929	2014
nm0001072	Joseph Cotten	1905	1994
nm0943978	Keenan Wynn	1916	1986
nm0226947	Bradford Dillman	1930	2018
nm0342201	Gary Grimes	1955	\N
nm0001495	Patrick Macnee	1922	2015
nm0738042	Gilbert Roland	1905	1994
nm0414571	Parker Jacobs	1975	\N
nm0643000	Simon Oakland	1915	1983
nm0141659	Jack Carter	1922	2015
nm0313381	Chief Dan George	1899	1981
nm0232817	Robert Donner	1931	2006
nm0799014	Phil Silvers	1911	1985
nm0396749	Jerry Houser	1952	\N
nm0385543	Art Hindle	1948	\N
nm0000323	Michael Caine	1933	\N
nm0001822	Robert Wagner	1930	\N
nm0674837	Michel Perron	\N	\N
nm0000986	Bryan Brown	1947	\N
nm0002073	Lou Ferrigno	1951	\N
nm3442130	Daniel V. Klein	\N	\N
nm4677867	Sean Giambrone	\N	\N
nm2456242	Jimmy Bellinger	\N	\N
nm0289343	Robert Foxworth	1941	\N
nm0546868	David Margulies	1937	2016
nm0000353	Willem Dafoe	1955	\N
nm0001309	Anthony Michael Hall	1968	\N
nm0001246	Dan Futterman	1967	\N
nm1183149	Edgar Ramírez	1977	\N
nm0546797	Mark Margolis	1939	\N
nm1553725	Kellan Lutz	1985	\N
nm5670002	Leonardo Mancini	\N	\N
nm0324134	Adam Godley	1964	\N
nm0000532	Malcolm McDowell	1943	\N
nm0748004	Andrew Rubin	1946	2015
nm0282088	Page Fletcher	\N	\N
nm0000345	Billy Crystal	1948	\N
nm0402460	Gordon Hunt	1929	2016
nm0002139	Judd Hirsch	1935	\N
nm1148570	Finneus Egan	\N	\N
nm0758002	Kario Salem	1955	\N
nm1669772	Patrick Brammall	\N	\N
nm0185954	Michael Craig	1928	\N
nm0002016	William Conrad	1920	1994
nm0193551	Robert Curtis Brown	\N	\N
nm0371122	Peter Lind Hayes	1915	1998
nm0904531	Murvyn Vye	1913	1976
nm0028647	Edward Andrews	1914	1985
nm0175912	John Considine	1935	\N
nm0874502	Tom Tryon	1926	1991
nm0808473	Howard Smith	1893	1968
nm0820643	Howard St. John	1905	1974
nm0303981	Robin Gammell	1936	\N
nm0000516	Lee Majors	1939	\N
nm2373827	Rob Mayes	\N	\N
nm0001494	Ralph Macchio	1961	\N
nm0182661	Nicolas Coster	1933	\N
nm0310960	George Gaynes	1917	2016
nm0163429	Gordon Clapp	1948	\N
nm0927770	Chris Wiggins	1930	2017
nm0527945	Pasha D. Lychnikoff	1967	\N
nm0002138	Gregory Hines	1946	2003
nm0813812	Ian Somerhalder	1978	\N
nm0232194	Peter Donat	1928	\N
nm2631261	Charles Aldrich	\N	\N
nm0948272	Malik Yoba	1967	\N
nm0054214	Carlos Bardem	1963	\N
nm1025983	Oshri Cohen	1984	\N
nm0000377	Richard Dreyfuss	1947	\N
nm0549134	John Marley	1907	1984
nm0819525	G.D. Spradlin	1920	2011
nm0001644	Aidan Quinn	1959	\N
nm0000125	Sean Connery	1930	\N
nm0000552	Eddie Murphy	1961	\N
nm0428421	John Christopher Jones	\N	\N
nm0700664	Jorge Pupo	1960	\N
nm0004710	Naveen Andrews	1969	\N
nm0063218	Joe Bays	\N	\N
nm0002018	Tom Conti	1941	\N
nm0312475	Larry Gelman	1930	\N
nm0552474	Jared Martin	1941	2017
nm0931822	Todd Williams	\N	\N
nm1711461	Felipe Esparza	1976	\N
nm0001662	Judge Reinhold	1957	\N
nm0825731	David Steinberg	1942	\N
nm0398338	Bob Hoy	1927	2010
nm0000056	Paul Newman	1925	2008
nm0006737	Hark Bohm	1939	\N
nm0132257	Bruce Campbell	1958	\N
nm0321630	Dana Gladstone	1945	\N
nm1140666	Patrick J. Adams	1981	\N
nm0469823	Fran Kranz	1981	\N
nm1723773	Aaron Bleyaert	\N	\N
nm1994167	Jordan Carlos	\N	\N
nm0801051	Jimmi Simpson	1975	\N
nm0001199	Dennis Farina	1944	2013
nm0573134	Don McManus	1959	\N
nm0733054	Ron Robinson	\N	\N
nm0068117	Coby Bell	1975	\N
nm1842247	Joseph Limbaugh	\N	\N
nm0453304	Patrick Kilpatrick	1949	\N
nm0461945	Mpho Koaho	\N	\N
nm4252176	Parker Chapin	\N	\N
nm0242882	Max Martini	1969	\N
nm1554661	Ryan Gaul	\N	\N
nm0549815	Chris Marquette	1984	\N
nm4768458	Samuel Baca	\N	\N
nm0544382	Ralph Manza	1921	2000
nm0213210	Justin Deas	1948	\N
nm0086706	Robert Blake	1933	\N
nm0272479	Jesse Tyler Ferguson	1975	\N
nm0126260	P.J. Byrne	1974	\N
nm0127677	Bruce Cabot	1904	1972
nm0051628	George Bancroft	1882	1956
nm0000974	Walter Brennan	1894	1974
nm0697733	William Prince	1913	1996
nm0715284	Alan Reed	1907	1977
nm0838066	Francis L. Sullivan	1903	1956
nm0447913	Arthur Kennedy	1914	1990
nm0002046	Brian Donlevy	1901	1972
nm0000964	Charles Boyer	1899	1978
nm0000020	Henry Fonda	1905	1982
nm0680237	Barney Phillips	1913	1982
nm0815800	David Soul	1943	\N
nm0693420	Cliff Potts	1942	\N
nm0267232	James Farentino	1938	2012
nm0006893	John Vernon	1932	2005
nm0199585	Billy Daniel	1912	1962
nm0407307	Steve Ihnat	1934	1972
nm0668361	John Payne	1912	1989
nm0000967	Eric Braeden	1941	\N
nm0263575	Todd Everett	1944	\N
nm0491590	Ed Lauter	1938	2013
nm0472816	Jack Kruschen	1922	2002
nm0047265	G.W. Bailey	1944	\N
nm0001967	Peter Boyle	1935	2006
nm0575081	Stephen Meadows	1951	\N
nm0101603	Lombardo Boyar	1973	\N
nm1124453	Nick Garrison	\N	\N
nm0611898	Martin Mull	1943	\N
nm7698251	Christopher Cullen	\N	\N
nm0501399	Steve Lemme	1968	\N
nm0502015	Harry Lennix	1964	\N
nm0418148	David Janssen	1931	1980
nm0620756	Jack Nance	1943	1996
nm0000168	Samuel L. Jackson	1948	\N
nm0308056	Hank Garrett	1931	\N
nm0016243	Carlo Alban	1979	\N
nm0005148	Delroy Lindo	1952	\N
nm0000375	Robert Downey Jr.	1965	\N
nm2681362	Verdi Solaiman	\N	\N
nm1822659	Nat Wolff	1994	\N
nm4325061	Orson Chaplin	\N	\N
nm0307255	Allen Garfield	1939	\N
nm0066023	John Bedford Lloyd	1956	\N
nm0000693	Peter Weller	1947	\N
nm0001588	Jack Palance	1919	2006
nm0254402	Chris Elliott	1960	\N
nm0197855	John Francis Daley	1985	\N
nm0327020	Ian Gomez	1964	\N
nm0001242	Matt Frewer	1958	\N
nm1770256	Paul Rust	1981	\N
nm0296135	Lou Frizzell	1920	1979
nm0001729	Craig Sheffer	1960	\N
nm0782341	Jared Seide	\N	\N
nm0001902	Edward Albert	1951	2006
nm0873998	Michael Trucco	1970	\N
nm1952153	Maurice Burke	1902	\N
nm0121826	Paul Burke	1926	2009
nm0138770	Art Carney	1918	2003
nm0785245	Rod Serling	1924	1975
nm0867144	Franchot Tone	1905	1968
nm0573658	Brian McNamara	1960	\N
nm1649657	Dave Alspach	1940	\N
nm0266611	Mark Famiglietti	1979	\N
nm0760225	Will Sampson	1933	1987
nm0447230	Warren J. Kemmerling	1924	2005
nm0001133	Brian Dennehy	1938	\N
nm0675066	Felton Perry	1945	\N
nm0506374	Dani Levy	1957	\N
nm0006958	Jonathan Tucker	1982	\N
nm0908919	Eli Wallach	1915	2014
nm0319171	Daniel Gillies	1976	\N
nm0150976	Kim Chan	1917	2008
nm2625806	C.R. Anderson	\N	\N
nm0991810	Mahershala Ali	1974	\N
nm5052065	Ansel Elgort	1994	\N
nm0632457	Merab Ninidze	1965	\N
nm0506466	Jeremy Levy	1965	\N
nm0001545	Dudley Moore	1935	2002
nm0001074	Ronny Cox	1938	\N
nm0000249	James Woods	1947	\N
nm0001299	Thomas Ian Griffith	1962	\N
nm3735486	Floyd Wright	\N	\N
nm0248692	Steven Eckholdt	1961	\N
nm2029859	Jay Katsir	\N	\N
nm0355024	Tony Hale	1970	\N
nm0089781	Alan Blumenfeld	1952	\N
nm0000502	Christopher Lloyd	1938	\N
nm0145572	Jak Castro	1963	\N
nm0874067	John Trudell	1946	2015
nm0494892	Viv Leacock	1974	\N
nm1879893	Edwin San Juan	\N	\N
nm4069076	Emil-Bastien Bouffard	\N	\N
nm0006820	Aleks Paunovic	1969	\N
nm0002063	Leif Erickson	1911	1986
nm0001023	John Cassavetes	1929	1989
nm0383422	John Michael Higgins	1963	\N
nm0901926	Daniel von Bargen	1950	2015
nm0325199	Eric Ian Goldberg	1988	\N
nm1981893	Riz Ahmed	1982	\N
nm0728762	Jason Ritter	1980	\N
nm1812566	Joe DeRosa	\N	\N
nm2874216	Kelly Harper	\N	\N
nm0765597	Peter Sarsgaard	1971	\N
nm0001835	Carl Weathers	1948	\N
nm0000380	Robert Duvall	1931	\N
nm0930454	Dick Anthony Williams	1934	2012
nm0004827	Eddie Cibrian	1973	\N
nm0022885	Byron Altman	\N	\N
nm0464255	Allan Kolman	\N	\N
nm0071680	Clé Bennett	\N	\N
nm1914898	Hosea Chanchez	1981	\N
nm0341176	Eddie Griffin	1968	\N
nm0005265	Kevin Nealon	1953	\N
nm0444749	Brandon Keener	1974	\N
nm2378861	Darron Meyer	1977	\N
nm0153394	Anthony Charnota	1936	\N
nm0745780	Richard Roundtree	1942	\N
nm0048293	Brian Baker	1949	\N
nm0001556	David Morse	1953	\N
nm0291233	Mark Frankel	1962	1996
nm0000890	Noah Beery Jr.	1913	1994
nm0384509	Maurice Hill	1918	2007
nm0036663	Victor Arnold	1936	2012
nm0337992	Joey Green	\N	\N
nm0906627	Ralph Waite	1928	2014
nm5294025	Kristin Lyndal Garbarino	\N	\N
nm0000696	Wil Wheaton	1972	\N
nm0515296	Ron Livingston	1967	\N
nm0493171	Byron Lawson	1968	\N
nm0722636	John Rhys-Davies	1944	\N
nm0113353	Daryl Brown	\N	\N
nm0265067	Bill Fagerbakke	1957	\N
nm1276546	Frankie Ryan Manriquez	1994	\N
nm0642368	Terry O'Quinn	1952	\N
nm0597480	Dominic Monaghan	1976	\N
nm0930637	Gary Anthony Williams	1966	\N
nm0160637	Tyler Christopher	1972	\N
nm0141699	Jimmy Carter	1924	\N
nm1364903	Eric Artell	\N	\N
nm1229640	Hoon Lee	1973	\N
nm2343444	Brando Eaton	1986	\N
nm0005042	Jason Isaacs	1963	\N
nm0151419	Kyle Chandler	1965	\N
nm0064769	Jim Beaver	1950	\N
nm0001367	C. Thomas Howell	1966	\N
nm0517721	Kenny Loggins	1948	\N
nm0454020	Brian Kimmet	1976	\N
nm0669681	Josh Peck	1986	\N
nm0148418	Michael Cera	1988	\N
nm0292355	Stuart Fratkin	1963	\N
nm1563915	Pat Van Dyer	\N	\N
nm0204493	Don S. Davis	1942	2008
nm0235596	Bill Dow	\N	\N
nm0669446	Kelly Pease	\N	\N
nm0548395	Andrew Markey	\N	\N
nm0838217	Liam Sullivan	1923	1998
nm0516759	Jon Locke	1927	2013
nm0001358	Hal Holbrook	1925	\N
nm0543759	Bruno Manser	1954	2005
nm0094231	Tommy Bone	\N	\N
nm0460578	Herbert Knaup	1956	\N
nm0003620	Kevin Smith	1970	\N
nm0191412	Rory Culkin	1989	\N
nm0605079	Tracy Morgan	1968	\N
nm0001137	William Devane	1939	\N
nm0104787	Michael Brandon	1945	\N
nm0901679	Ilia Volok	1965	\N
nm1694256	Julián López	1978	\N
nm0300712	Jim Gaffigan	1966	\N
nm0391063	Kene Holiday	1949	\N
nm0245945	Peter Dyneley	1921	1977
nm0150476	Woody Chambliss	1914	1981
nm0001731	Sam Shepard	1943	2017
nm0563070	Jefferson Mays	1965	\N
nm0445551	Tim Kelleher	\N	\N
nm0001019	Robert Carradine	1954	\N
nm8482841	Robert Carey	\N	\N
nm0000619	Tim Roth	1961	\N
nm0005188	James Marsden	1973	\N
nm1149087	Rene Heger	1978	\N
nm0540449	Joseph Malone	\N	\N
nm1359798	Craig Houston	\N	\N
nm0638824	Michael Nyqvist	1960	2017
nm0578853	Ben Mendelsohn	1969	\N
nm0805298	Slash	1965	\N
nm0000389	Emilio Estevez	1962	\N
nm0674646	Paul Perri	1953	\N
nm0000592	Pete Postlethwaite	1946	2011
nm0374610	Thomas Heinze	1964	\N
nm0003078	Roger Cross	1969	\N
nm0468697	John Koyama	1973	\N
nm2861453	Paul Joyner	\N	\N
nm0565645	Curtis McClarin	\N	2014
nm1684869	Troy Baker	1976	\N
nm0001389	Chris Isaak	1956	\N
nm0144753	Vincent Castellanos	1962	\N
nm1911553	Xaypani Baccam	\N	\N
nm0180984	Kevin Corrigan	1969	\N
nm2805568	Anthony Ambrosino	\N	\N
nm1235393	David Morwick	\N	\N
nm0000286	Stephen Baldwin	1966	\N
nm0370035	John Hawkes	1959	\N
nm0000664	Patrick Swayze	1952	2009
nm0001346	Edward Herrmann	1943	2014
nm0893948	John Verea	\N	\N
nm0021480	Ralph Allison	\N	\N
nm1824267	Joe Dippel	\N	\N
nm0723621	Christopher Rich	1953	\N
nm0195702	Michael Gregory	1944	\N
nm0000803	Christopher Atkins	1961	\N
nm1472010	Justin Bruening	1979	\N
nm2837894	Robbie Daymond	1982	\N
nm4789077	Rashad Brown	\N	\N
nm3860979	Julian Works	\N	\N
nm0001022	Dana Carvey	1955	\N
nm0001383	David Hyde Pierce	1959	\N
nm0144657	Dan Castellaneta	1957	\N
nm1527785	Micah Henson	\N	\N
nm0408189	Gary Imhoff	1952	\N
nm0001066	Robert Conrad	1935	\N
nm0002023	Matt Craven	1956	\N
nm0000152	Richard Gere	1949	\N
nm0589470	Ty Miller	1964	\N
nm1409816	Paul Ashton	\N	\N
nm0293509	Martin Freeman	1971	\N
nm7843435	Nick Perry	\N	\N
nm0568907	Mark McGann	1961	\N
nm0436528	Stanley Kamel	1943	2008
nm0923529	Justin Whalin	1974	\N
nm0151116	Sunny Chan	1967	\N
nm0150862	Dennis Chan	\N	\N
nm1953143	Steven M. Smith	1974	\N
nm1815188	Giles Alderson	\N	\N
nm0000367	Gérard Depardieu	1948	\N
nm7455038	Martyn Ford	\N	\N
nm0628955	Haing S. Ngor	1940	1996
nm0207218	Isaach De Bankolé	1957	\N
nm0001570	Edward Norton	1969	\N
nm0266890	Ennio Fantastichini	1955	\N
nm0000136	Johnny Depp	1963	\N
nm0026627	Dion Anderson	\N	\N
nm0133722	Joe Candelora	\N	\N
nm0333026	Tito Goya	1951	1985
nm0218906	Jack Denbo	1925	1993
nm0076022	Jack Bernardi	1909	1994
nm0183881	Alex Courtney	1940	\N
nm0146938	Michael Cavanaugh	1942	\N
nm5295470	Brandon Getz	\N	\N
nm0176861	Keith Coogan	1970	\N
nm0506405	Eugene Levy	1946	\N
nm0936288	Robert Wisden	\N	\N
nm0000704	Elijah Wood	1981	\N
nm0113617	Georg Stanford Brown	1943	\N
nm0552358	Mars Callahan	\N	\N
nm1593504	Taylor Masamitsu	1992	\N
nm0001832	Sam Waterston	1940	\N
nm0004355	Roger Ashton-Griffiths	1957	\N
nm0507629	Phill Lewis	1968	\N
nm2284098	Elan Garfias	1999	\N
nm0004934	Gerald Ford	1913	2006
nm0249283	Chris Edgerly	1969	\N
nm4471032	Clay Beabout	\N	\N
nm0215229	Tim DeKay	1963	\N
nm1357477	Randy Wayne	1981	\N
nm1417647	Jon Heder	1977	\N
nm2309517	Armie Hammer	1986	\N
nm0992538	Steve Howey	1977	\N
nm0000792	Tom Arnold	1959	\N
nm0441592	Chris Kattan	1970	\N
nm0498014	Peter Lurie	1962	\N
nm0005558	Harland Williams	1962	\N
nm0107116	Scott Bremner	\N	\N
nm0094894	Frank Bonner	1942	\N
nm0370971	Deryl Hayes	\N	\N
nm0193389	John Curtis	\N	\N
nm0287051	Ian Forsyth	\N	\N
nm0505842	Jerry Levine	1957	\N
nm0928243	Larry Wilcox	1947	\N
nm0519656	Todd Lookinland	1965	\N
nm0809031	Lane Smith	1936	2005
nm0001277	Scott Glenn	1941	\N
nm0001426	Ben Kingsley	1943	\N
nm0001626	Christopher Plummer	1929	\N
nm0004725	Charles Barkley	1963	\N
nm0089217	Orlando Bloom	1977	\N
nm1442113	Jack McBrayer	1973	\N
nm2775781	Michael Boyd	\N	\N
nm0132612	Junior Campbell	1947	\N
nm0891514	Alex Veadov	1962	\N
nm1719503	Jesulín de Ubrique	1974	\N
nm0430617	Jeff Joseph	\N	\N
nm2857474	Miles Bakshi	2002	\N
nm0317506	Alan Gifford	1911	1989
nm0703442	Eldon Quick	1937	\N
nm0000432	Gene Hackman	1930	\N
nm0000560	Nick Nolte	1941	\N
nm0485709	Charley Lang	1955	\N
nm0426665	John Dennis Johnston	1945	\N
nm8482839	John Duch	\N	\N
nm0046256	Livio Badurina	1965	\N
nm0249378	Matthew Edison	1975	\N
nm1035662	Matt Lindquist	\N	\N
nm0123553	Corey Burton	1955	\N
nm0295597	Chris Fries	1968	\N
nm0574131	Ryan McPartlin	1975	\N
nm4977122	Owen Teague	1998	\N
nm0815247	Matt Sorum	1960	\N
nm0001617	Lou Diamond Phillips	1962	\N
nm0001722	Rufus Sewell	1967	\N
nm0001089	Henry Czerny	1959	\N
nm0193295	Cliff Curtis	1968	\N
nm0411857	Gregory Itzin	1948	\N
nm0756830	Garret Sato	1964	\N
nm0002907	Alexander Skarsgård	1976	\N
nm3153209	Sebastian Beacon	\N	\N
nm0438500	Ravi Kapoor	\N	\N
nm0262602	C.H. Evans	\N	\N
nm0041029	Edward Atterton	1962	\N
nm0565133	Francis X. McCarthy	1942	\N
nm0442120	David Kaufman	1961	\N
nm2842828	Mark Hemphill	1984	\N
nm4245462	Jared Abrahamson	\N	\N
nm1440281	John Robinson	1985	\N
nm2129802	Babs Olusanmokun	\N	\N
nm0821041	Robert Stack	1919	2003
nm0000174	Val Kilmer	1959	\N
nm0005258	Patrick Muldoon	1968	\N
nm0031162	Benz Antoine	1972	\N
nm0569372	Scott McGinnis	1958	\N
nm0272557	Myles Ferguson	1981	2000
nm0258757	Richard Erdman	1925	\N
nm0263760	Greg Evigan	1953	\N
nm0114868	W. Earl Brown	1963	\N
nm0181425	Jesse Corti	1955	\N
nm7545862	Brendan Orta	\N	\N
nm7838650	Germain Arroyo	\N	\N
nm0001079	Scatman Crothers	1910	1986
nm0835722	James Patrick Stuart	1968	\N
nm0774735	Kevin Schon	\N	\N
nm1483970	Antonio Del Prete	\N	\N
nm0440126	Richard Karron	1934	2017
nm0675887	Frank Pesce	\N	\N
nm0458951	Robert Klein	1942	\N
nm0920992	David Wenham	1965	\N
nm0822155	Aaron Stanford	1976	\N
nm0493159	Ben Lawson	1980	\N
nm0638762	Andy Nyman	1966	\N
nm0200057	Phil Daniels	1958	\N
nm0497874	Ming-Yang Li	\N	\N
nm0731167	Ian Roberts	\N	\N
nm0636092	Ryan Northcott	1980	\N
nm2450862	Mendy Chan	\N	\N
nm0409678	George Ip	\N	\N
nm0817563	Hugo Speer	\N	\N
nm2817670	Dimo Alexiev	1983	\N
nm0722279	Julian Rhind-Tutt	1968	\N
nm4030776	Laurence R. Harvey	\N	\N
nm0001696	Julian Sands	1958	\N
nm0289038	James Fox	1939	\N
nm0012683	Rab Affleck	1953	\N
nm0225899	Frédéric Diefenthal	1968	\N
nm0761389	Casey Sander	1956	\N
nm0182591	Michael Costello	\N	\N
nm0092899	Jim Boles	1914	1977
nm0293099	Bert Freed	1919	1994
nm0459658	Richard Kline	1944	\N
nm0302602	Edward Gallardo	1949	\N
nm0640539	Tim O'Connor	1927	\N
nm0346411	Lance Guest	1960	\N
nm0228678	Andrew Divoff	1955	\N
nm0000498	Matthew Lillard	1970	\N
nm0493013	Scott Lawrence	1963	\N
nm0005212	Ian McKellen	1939	\N
nm0735226	Adam Rodriguez	1975	\N
nm0000959	Powers Boothe	1948	2017
nm1191277	Rory Charles Thost	1991	\N
nm0301925	Vincent Gale	1968	\N
nm0419248	David Jason	1940	\N
nm0164682	Cam Clarke	1957	\N
nm3270750	Quinton Lopez	\N	\N
nm0000729	Casey Affleck	1975	\N
nm1795362	Kieron Elliott	\N	\N
nm3099213	Luke Moran	\N	\N
nm0050156	Eric Balfour	1977	\N
nm0244756	Richard Dutcher	\N	\N
nm0146297	Dominic Catrambone	\N	\N
nm2023050	Darren Criss	1987	\N
nm0154226	Justin Chatwin	1982	\N
nm0087734	Martin Blasick	\N	\N
nm3118888	Brad Grusnick	\N	\N
nm5242354	Collin Dean	2005	\N
nm5586654	Demetri Belardinelli	\N	\N
nm0519519	David Longworth	\N	\N
nm0280886	Joe Flaherty	1941	\N
nm0453709	Tong Lung	\N	\N
nm0582443	Bob Metcalfe	\N	\N
nm0332443	Marco Gould	\N	\N
nm0696303	Lawrence Pressman	1939	\N
nm0261805	Erik Estrada	1949	\N
nm0761687	Richard Sanders	1940	\N
nm0797725	James Sikking	1934	\N
nm0000554	Sam Neill	1947	\N
nm0551300	Ryan Marsini	1992	\N
nm0382216	Christopher Heyerdahl	1963	\N
nm0001497	Tobey Maguire	1975	\N
nm0420955	Richard Jenkins	1947	\N
nm0012523	Scott Adsit	1965	\N
nm0074468	Philippe Bergeron	1959	\N
nm0000188	Steve Martin	1945	\N
nm0472928	Boris Lee Krutonog	1960	\N
nm0000226	Will Smith	1968	\N
nm0106755	Patrick Breen	1960	\N
nm4642699	James McGrath	\N	\N
nm0407810	Peter Illing	1899	1966
nm0185596	Don Crabtree	1928	2015
nm0000483	Christopher Lambert	1957	\N
nm0000277	Richard Attenborough	1923	2014
nm0001653	Stephen Rea	1946	\N
nm0266697	Richard Fancy	1943	\N
nm4879025	Abby Okin	\N	\N
nm0226820	Stephen Dillane	1957	\N
nm0000501	Ray Liotta	1954	\N
nm0402582	Neil Hunt	\N	\N
nm0005450	David Spade	1964	\N
nm0835016	Mark Strong	1963	\N
nm0785227	Andy Serkis	1964	\N
nm0484678	Michael Landes	1972	\N
nm0000144	Cary Elwes	1962	\N
nm0000221	Charlie Sheen	1965	\N
nm0932112	Mykelti Williamson	1957	\N
nm0399839	Gary Hudson	1956	\N
nm0607325	Temuera Morrison	1960	\N
nm0797150	Casey Siemaszko	1961	\N
nm0001493	Peter MacNicol	1954	\N
nm0593610	Mike Mitchell	\N	\N
nm0001183	Bodhi Elfman	1969	\N
nm1782508	Antony Del Rio	1991	\N
nm0182455	Paulo Costanzo	1978	\N
nm0445681	Joel Keller	\N	\N
nm0284272	Abel Folk	1959	\N
nm0172636	Rickey D'Shon Collins	\N	\N
nm0075492	Peter Berkrot	1959	\N
nm3286893	Will Vano	1984	\N
nm5837781	Michael Campion	\N	\N
nm1379641	Celestino Cornielle	\N	\N
nm0001745	Stellan Skarsgård	1951	\N
nm0308651	Chris Gartin	1968	\N
nm0386472	Emile Hirsch	1985	\N
nm0479903	Aaron Michael Lacey	1969	\N
nm0095176	Brian Bonsall	1981	\N
nm0001327	David Hasselhoff	1952	\N
nm0325761	Danny Goldman	1939	\N
nm0257890	John Ennis	1964	\N
nm2166357	Mark Gessner	\N	\N
nm0718572	Enn Reitel	1950	\N
nm7587899	Kyle Heffernan	\N	\N
nm6722722	Francis Lloyd Corby	\N	\N
nm0429144	Robert Dominick Jones	1954	\N
nm0754676	Ernie Sabella	1949	\N
nm0005467	Jerry Stiller	1927	\N
nm1389997	Asante Jones	1968	\N
nm0001498	John Mahoney	1940	2018
nm0001283	Louis Gossett Jr.	1936	\N
nm0001028	Maxwell Caulfield	1959	\N
nm1113003	Steve Rodgers	\N	\N
nm0916406	Mark Webber	1980	\N
nm1968873	Ed Speleers	1988	\N
nm0164819	John Clarke	1948	2017
nm0358772	Roger Hammond	1936	2012
nm0150974	Kenny Chan	\N	\N
nm0001600	Adrian Paul	1959	\N
nm0552082	Christian Martin	1975	\N
nm0306706	Maurice Gardett	1922	1996
nm2448691	Bocolo	\N	\N
nm0309575	Jon-Paul Gates	\N	\N
nm0082870	Velizar Binev	1967	\N
nm0970866	Matthew Ewald	1982	\N
nm7420806	Gbola Adewunmi	\N	\N
nm0000163	Dustin Hoffman	1937	\N
nm0162502	Luís Miguel Cintra	1949	\N
nm0019336	Stéphane Algoud	\N	\N
nm0802541	Shane Sinutko	1965	\N
nm0378363	Jeff Hephner	1975	\N
nm0204687	Harry Davis	1907	1993
nm0165574	Stanley Bennett Clay	1950	\N
nm0403588	David Hurst	1926	\N
nm0262121	Roger Etienne	1923	2011
nm2764377	Paul Bingham	\N	\N
nm0169480	Jeff Cohen	1974	\N
nm1470214	Joshua Miller	\N	\N
nm0005078	Stacy Keach	1941	\N
nm0001191	Adam Sandler	1966	\N
nm0910982	Luoyong Wang	\N	\N
nm0853079	Robert Taylor	\N	\N
nm0040015	Mackenzie Astin	1973	\N
nm0598569	Steve Monroe	1972	\N
nm0046112	Penn Badgley	1986	\N
nm0000460	Jeremy Irons	1948	\N
nm0537567	Robert Mailhouse	1962	\N
nm1438907	Ari Zagaris	1977	\N
nm0000563	Chris O'Donnell	1970	\N
nm4163236	Janae Burney	\N	\N
nm0004755	Jason Biggs	1978	\N
nm4751926	William Echeverri	\N	\N
nm2642131	Zach Callison	1997	\N
nm0063527	Brian Beacock	1966	\N
nm0281359	Flea	1962	\N
nm0876138	Alan Tudyk	1971	\N
nm1929065	Arthur L. Bernstein	\N	\N
nm0454221	Arif S. Kinchen	1973	\N
nm1452105	Yuki Matsuzaki	1981	\N
nm0001083	Jon Cryer	1965	\N
nm0001831	David Warner	1941	\N
nm0929609	Fred Willard	1939	\N
nm0227459	Stephen Dimopoulos	\N	\N
nm0723690	Michael Lopez	1974	\N
nm0061356	Paul Batten	\N	\N
nm0233380	Johnny Doran	1962	\N
nm0950079	Stephen Young	1939	\N
nm0921624	Ned Wertimer	1923	2013
nm0001417	Brian Keith	1921	1997
nm0000597	Bill Pullman	1953	\N
nm0000609	Ving Rhames	1959	\N
nm0570546	David McIlwraith	\N	\N
nm0000177	Kevin Kline	1947	\N
nm2173601	Christian Bradley	\N	\N
nm1349199	Keith Powell	\N	\N
nm0120180	S. Scott Bullock	1956	\N
nm0177896	Bradley Cooper	1975	\N
nm4067701	Bobby Kennedy III	\N	\N
nm0453994	Jimmy Kimmel	1967	\N
nm8246438	Colin Cooney-Cooper	\N	\N
nm0286938	Ben Forster	\N	2017
nm0619640	Bobby R. Naidoo	\N	1967
nm0543904	Alan Manson	1918	2002
nm0377901	Lenny Henry	1958	\N
nm0251999	Ned Eisenberg	1957	\N
nm0948267	Dwight Yoakam	1956	\N
nm0114578	Roger Aaron Brown	1949	\N
nm8482840	Joshua Zaret	\N	\N
nm0000206	Keanu Reeves	1964	\N
nm0341890	Sergei Grigorev	\N	\N
nm0001015	Robert Carlyle	1961	\N
nm1172478	Joel Kinnaman	1979	\N
nm2955013	Liam Hemsworth	1990	\N
nm1008015	Bas Rutten	1965	\N
nm0001354	Ciarán Hinds	1953	\N
nm0816876	Joe Spano	1946	\N
nm0531856	Mike MacDonald	\N	\N
nm0001836	Steven Weber	1961	\N
nm0089937	Lothaire Bluteau	1957	\N
nm0000140	Michael Douglas	1944	\N
nm2624602	Cameron Boyce	1999	\N
nm0635139	Jeffrey Nordling	1962	\N
nm0004883	Tate Donovan	1963	\N
nm3229685	Kit Harington	1986	\N
nm0616960	Richard Mylan	\N	\N
nm0526019	Diego Luna	1979	\N
nm0005231	Dash Mihok	1974	\N
nm0190931	David Cubitt	1965	\N
nm0534398	Bruce MacVittie	1956	\N
nm2269029	Damien Di Paola	\N	\N
nm5507361	Andrew Krasney	\N	\N
nm4570282	Steven Love	\N	\N
nm0005171	Angus Macfadyen	1963	\N
nm0001297	Joel Grey	1932	\N
nm0012079	Seth Adkins	1989	\N
nm0475969	Stefan Kurt	1959	\N
nm0001720	Ivan Sergei	1971	\N
nm0884306	Scott Valentine	1958	\N
nm0421116	Brent Jennings	\N	\N
nm0140150	Tony Carreiro	1954	\N
nm4485881	Lucas Asherman	\N	\N
nm4041725	Dan Mandel	\N	\N
nm2268224	Michael Barbuto	\N	\N
nm3603365	Connor Rosen	\N	\N
nm4750149	Jose Velazquez	\N	\N
nm0551949	Barney Martin	1923	2005
nm0000649	Paul Sorvino	1939	\N
nm0821139	Lewis J. Stadlen	1947	\N
nm0331672	Deondray Gossett	1973	\N
nm4574630	James McArdle	\N	\N
nm0698998	David Proval	1942	\N
nm0682495	Wendell Pierce	1963	\N
nm0576088	Jeffrey Meek	1959	\N
nm0370784	Michael Hayden	1963	\N
nm5549251	Forrest Wheeler	\N	\N
nm0621176	Tony Nappo	\N	\N
nm0097533	Richard Borthwick	\N	\N
nm0219208	Tony Denison	1949	\N
nm0777810	Jan Schweiterman	1972	\N
nm1025325	Matt Stasi	\N	\N
nm2499004	Wong Kwan Cheung	\N	\N
nm0831503	David Stoll	\N	\N
nm0250330	Rory Edwards	\N	\N
nm0360745	Danny Hansen	\N	\N
nm0364813	Jared Harris	1961	\N
nm7263882	Swaylee Loughnane	\N	\N
nm0393853	William Hootkins	1948	2005
nm0233027	Martin Donovan	1957	\N
nm0001424	Udo Kier	1944	\N
nm0000100	Rowan Atkinson	1955	\N
nm0248254	Eriq Ebouaney	1967	\N
nm0227647	John Dullaghan	1930	2009
nm0481997	Judson Laire	1902	1979
nm0390723	Jerry Holland	\N	\N
nm0262912	John Morgan Evans	1942	1991
nm0272113	Don Fenwick	1935	\N
nm0116066	Bo Brundin	1937	\N
nm4641811	David Lawrence	\N	\N
nm0696320	Jason Presson	1971	\N
nm0460694	Robert Knepper	1959	\N
nm0000580	Luke Perry	1966	\N
nm0179173	John Corbett	1961	\N
nm0806613	Tucker Smallwood	1944	\N
nm0188471	Jamie Croft	1981	\N
nm0724656	Kevin Michael Richardson	1964	\N
nm0004286	Clifton Collins Jr.	1970	\N
nm0581043	Luis Merlo	1966	\N
nm2257390	Marnix Van Den Broeke	1976	\N
nm0890232	Michael Vartan	1968	\N
nm2380718	Michael Blaiklock	\N	\N
nm0000316	Mel Brooks	1926	\N
nm3338018	Jadon Sand	\N	\N
nm2778261	Kenton Duty	1995	\N
nm0270451	Brendan Fehr	1977	\N
nm0611889	Chris Mulkey	1948	\N
nm3532853	Varun Saranga	\N	\N
nm0569337	Ted McGinley	1958	\N
nm2796745	Adam Devine	1983	\N
nm1082823	Eric Bauza	1979	\N
nm0126023	Greg Eagles	1965	\N
nm0016304	Lou Albano	1933	2009
nm0332967	Andre Gower	1973	\N
nm0717493	Rob Reider	\N	\N
nm0745933	Gerry Rousseau	\N	\N
nm0166263	Shawn Clements	\N	\N
nm0424527	Arte Johnson	1929	\N
nm0564245	Tom McBeath	\N	\N
nm0463100	Milt Kogan	1936	\N
nm0479612	Matthew Labyorteaux	1966	\N
nm0003318	Howard Duff	1913	1990
nm0353614	Captain Haggerty	1931	2006
nm0400816	Miko Hughes	1986	\N
nm0001228	Peter Fonda	1940	\N
nm0641168	Brian O'Halloran	1969	\N
nm0413946	Philip Jackson	1948	\N
nm0748038	David Rubin	\N	\N
nm0236711	Billy Drago	1945	\N
nm0176981	Dane Cook	1972	\N
nm0000997	Gary Busey	1944	\N
nm0137506	George Carlin	1937	2008
nm1171163	Jim Norton	1968	\N
nm0001301	Charles Grodin	1935	\N
nm0743693	Michael A. Ross	\N	\N
nm0887701	Vincent Van Patten	1957	\N
nm0004821	Michael Chiklis	1963	\N
nm0000800	Armand Assante	1949	\N
nm0001606	Chris Penn	1965	2006
nm0301370	M.C. Gainey	1948	\N
nm0940919	Edward Woodward	1930	2009
nm0001728	Wallace Shawn	1943	\N
nm0000606	Jean Reno	1948	\N
nm1558064	Robert Biehn	\N	\N
nm0146579	Tony Caunter	1937	\N
nm0793404	Kippei Shîna	1964	\N
nm2035963	David Scharff	\N	\N
nm0000309	David Bowie	1947	2016
nm1655276	Guns N' Roses	\N	\N
nm0737257	Wayne Rogers	1933	2015
nm0000437	Woody Harrelson	1961	\N
nm0940784	Shawn Woods	1970	\N
nm0371660	Dennis Haysbert	1954	\N
nm0005020	Josh Hopkins	1970	\N
nm0940851	D.B. Woodside	1969	\N
nm0005327	Freddie Prinze Jr.	1976	\N
nm0143295	Max Casella	1967	\N
nm0394533	James Horan	1954	\N
nm3841486	Adan Canto	1981	\N
nm0000491	John Leguizamo	1964	\N
nm0472710	David Krumholtz	1978	\N
nm0446672	Michael Kelly	1969	\N
nm0005002	Isaac Hayes	1942	2008
nm0181787	Seth Gabel	1981	\N
nm0608405	Bill Moseley	1951	\N
nm0339562	Bradley Gregg	1966	\N
nm0780546	Franklyn Seales	1952	1990
nm0000471	Raul Julia	1940	1994
nm0430449	Eric Jorrin	\N	\N
nm1364921	Griffin Brewer	\N	\N
nm0881038	Ron Underwood	1953	\N
nm0339304	Bruce Greenwood	1956	\N
nm0909665	J.D. Walsh	\N	\N
nm0372784	Tom Heaton	1940	2018
nm0035664	Curtis Armstrong	1953	\N
nm4114194	David Topp	1992	\N
nm0823155	Don Stark	1954	\N
nm0107531	Philippe Brenninkmeyer	1964	\N
nm2981665	Adrian Gonzalez	\N	\N
nm0262968	Lee Evans	1964	\N
nm0469530	Greg Kramer	\N	2013
nm1165660	T.R. Knight	1973	\N
nm0911320	Patrick Warburton	1964	\N
nm0036553	Mark Arnold	1957	\N
nm0915989	Hugo Weaving	1960	\N
nm0329189	Oscar Goodman	1939	\N
nm0801050	Jim Simpson	1956	\N
nm0195439	James D'Arcy	1975	\N
nm2353331	James Floyd	\N	\N
nm9336278	Wally Elnour	\N	\N
nm0000577	George Peppard	1928	1994
nm0098372	Brian Bosworth	1965	\N
nm0702985	Philip Quast	1957	\N
nm0018776	Terence Alexander	1923	2009
nm1527917	Chow Wai Keung	\N	\N
nm0086691	Peter Blake	1948	\N
nm1451951	Sebastien Foucan	1974	\N
nm2394154	Cody Matthew Blymire	1984	\N
nm0002076	Jason Flemyng	1966	\N
nm0675114	Jeff Perry	1955	\N
nm0557653	Ben Masters	1947	\N
nm0000131	John Cusack	1966	\N
nm0568858	Bobby McFerrin	1950	\N
nm0291582	Fred Franklyn	1926	1989
nm0731313	Ken Roberts	1910	2009
nm0453447	Evan C. Kim	1953	\N
nm0224788	James DiAngelo	\N	\N
nm0317369	Stefan Gierasch	1926	2014
nm0924317	William Whitaker	1951	\N
nm4633101	Rick Moore	\N	\N
nm0942502	Joe Wright	1970	2009
nm0000885	Ned Beatty	1937	\N
nm0912528	Malcolm-Jamal Warner	1970	\N
nm0005068	Vinnie Jones	1965	\N
nm1014417	Ogie Banks	1973	\N
nm1047329	Luke Ford	1981	\N
nm0040014	John Astin	1930	\N
nm0224423	Jason Diablo	\N	\N
nm0384732	Tom Clarke Hill	\N	\N
nm0575223	Michael Mears	\N	\N
nm0189144	David Cross	1964	\N
nm4103634	Clarence Gillyard	\N	\N
nm1727317	Lucas Grabeel	1984	\N
nm0667326	Rob Paulsen	1956	\N
nm0333982	Currie Graham	1967	\N
nm0016141	Carlos Alazraqui	1962	\N
nm1356757	John Emmet Tracy	1969	\N
nm1395532	Joseph Gatt	1974	\N
nm6899488	Caleb Castille	\N	\N
nm0932831	Larry Wilmore	1961	\N
nm2491673	Jaime Burgos III	1976	\N
nm0822812	Stephen Stanton	1961	\N
nm0000764	André the Giant	1946	1993
nm0001748	Kurtwood Smith	1943	\N
nm0253853	Bob Elkins	\N	\N
nm0012542	The Adventurers	\N	\N
nm0905818	Bruce Wagner	1954	\N
nm0546187	Sparky Marcus	1967	\N
nm0275048	Frank Ferrucci	\N	\N
nm0828186	Carl Steven	1974	2011
nm0566013	Marc McClure	1957	\N
nm0000978	Lloyd Bridges	1913	1998
nm0000148	Harrison Ford	1942	\N
nm0564277	Chi McBride	1961	\N
nm0671023	Frank Pellegrino	1944	2017
nm0026879	Jeff Anderson	1970	\N
nm0000354	Matt Damon	1970	\N
nm0622553	James Naughton	1945	\N
nm0031386	Jim Antonio	1931	\N
nm1063878	Walter Raney	\N	\N
nm0413168	Hugh Jackman	1968	\N
nm0823592	Ringo Starr	1940	\N
nm0040995	Dave Attell	1965	\N
nm0836121	Michael Stuhlbarg	1968	\N
nm0281601	Art Fleming	1924	1995
nm0308161	Leif Garrett	1961	\N
nm0788829	Ray Sharkey	1952	1993
nm0000708	Billy Zane	1966	\N
nm4073826	Lackos	\N	\N
nm0001143	Kevin Dillon	1965	\N
nm0843775	Keith Szarabajka	1952	\N
nm0205289	Phil Davis	1953	\N
nm0000453	Ian Holm	1931	\N
nm0200769	Kenneth Danziger	\N	\N
nm0682063	Jim Piddock	1956	\N
nm0103750	Wayne Brady	1972	\N
nm0121605	Billy Burke	1966	\N
nm2633535	Asa Butterfield	1997	\N
nm0570884	Duff McKagan	1964	\N
nm0000833	Joe Don Baker	1936	\N
nm0001368	Ernie Hudson	1945	\N
nm0077753	Christopher Bersh	\N	\N
nm0607175	James Morrison	1954	\N
nm0898546	Pruitt Taylor Vince	1960	\N
nm0846687	Faran Tahir	1963	\N
nm0660371	Martin Papazian	1976	\N
nm0045937	Michael Badalucco	1954	\N
nm0443286	David Kaye	1964	\N
nm1206818	LaMonica Garrett	1975	\N
nm0708873	Bruce Ramsay	1966	\N
nm1138637	De'Angelo Wilson	1979	2008
nm0101005	Tom Bower	1938	\N
nm0001857	Henry Winkler	1945	\N
nm0858975	James Thomas	\N	\N
nm1172116	Jason Gann	\N	\N
nm0597235	Robert Moloney	\N	\N
nm0001075	Peter Coyote	1941	\N
nm0420822	Daniel Jenkins	\N	\N
nm0575556	Paul J. Medford	\N	\N
nm0192024	Martin Cummins	1969	\N
nm1795564	John Frye	\N	\N
nm0790585	Doug Sheehan	1949	\N
nm0115092	Victor Browne	1967	\N
nm2169665	Arno Luening	\N	\N
nm0004929	Dave Foley	1963	\N
nm2576700	Nicholas X. Parsons	1979	\N
nm0909620	Dylan Walsh	1963	\N
nm0005085	Jamie Kennedy	1970	\N
nm0216991	Kim Delgado	\N	\N
nm0001999	Maury Chaykin	1949	2010
nm0595110	Colin Mochrie	1957	\N
nm0162882	Anthony Cistaro	1963	\N
nm0490050	Dick Latessa	1929	2016
nm2805533	Nathan Stewart-Jarrett	\N	\N
nm0653222	Barry Otto	\N	\N
nm1183992	Greg Sullivan	\N	\N
nm1382427	Joshua Gomez	1975	\N
nm1694302	Gilles Marini	1976	\N
nm0584020	Dragan Micanovic	1970	\N
nm6700788	Ror Da Poet	\N	\N
nm0504927	Christopher Leung	\N	\N
nm0462116	Jeff Kober	1953	\N
nm0641713	Daragh O'Malley	1954	\N
nm0000461	Michael Ironside	1950	\N
nm0158389	Dennis Chiu	\N	\N
nm0189720	Dermot Crowley	1947	\N
nm1376997	Jon Campling	1966	\N
nm6267060	Martin Mednikarov	\N	\N
nm8622882	Nathan Wedge	\N	\N
nm0347341	Francis Guinan	\N	\N
nm0001827	Ray Walston	1914	2001
nm0000538	Colm Meaney	1953	\N
nm0235460	Alain Doutey	1944	\N
nm1540404	Max Minghella	1985	\N
nm0056492	Douglas Barr	1949	\N
nm0342958	David Groh	1939	2008
nm0546834	Michael Margotta	1946	\N
nm0217316	Gabriel Dell	1919	1988
nm0523142	Curt Lowens	1925	2017
nm0808963	Kevin Smith	1963	2002
nm5295208	Josh Way	\N	\N
nm0371579	Jim Haynie	1940	\N
nm0168262	Rory Cochrane	1972	\N
nm0824220	Peter Stebbings	1971	\N
nm0653268	Kevin Otto	\N	\N
nm0089710	Steve Blum	1960	\N
nm0541932	Tyler Mane	1966	\N
nm0048389	Dee Bradley Baker	1962	\N
nm0000342	James Cromwell	1940	\N
nm2400798	Juan Ibáñez Pérez	1980	\N
nm2684485	Maxim Knight	1999	\N
nm0689185	Mark Polish	1970	\N
nm0124132	George Bush	1924	\N
nm0293342	Crispin Freeman	1972	\N
nm0996651	Greg Cipes	1980	\N
nm0233079	Ryan Donowho	1980	\N
nm0000317	Clancy Brown	1959	\N
nm0068166	Drake Bell	1986	\N
nm0005272	Thomas Ian Nicholas	1980	\N
nm0000685	Jon Voight	1938	\N
nm0505946	Sam Levine	1973	\N
nm4230309	Lorenzo Chapman	\N	\N
nm0175834	Kevin Conroy	1955	\N
nm0087773	Freddie Blassie	1918	2003
nm0913682	Jerry Wasserman	1945	\N
nm9218318	Rico Simmons	\N	\N
nm1049676	Barry Crimmins	\N	\N
nm0192257	Cavan Cunningham	\N	\N
nm0627969	Anthony Newley	1931	1999
nm0323332	David Glyn-Jones	1922	2013
nm1200443	David Feit	\N	\N
nm0141268	John David Carson	1952	2009
nm0144233	Patrick Cassidy	1962	\N
nm0320808	Bernard Giraudeau	1947	2010
nm0004999	Shawn Hatosy	1975	\N
nm0768324	Edward Saxon	\N	\N
nm0582939	Jason Mewes	1974	\N
nm0001724	Tony Shalhoub	1953	\N
nm0114018	Kevin Brown	\N	\N
nm0573401	Jim McMullan	1936	\N
nm0029617	Michael Angelis	1952	\N
nm1517976	Chris Pine	1980	\N
nm0782213	Santiago Segura	1965	\N
nm3846408	Michael Che	\N	\N
nm0393458	Don Hood	1940	2003
nm0090822	Homi Bode	1911	\N
nm0046373	Parley Baer	1914	2002
nm0001663	Paul Reiser	1957	\N
nm0949237	Aden Young	\N	\N
nm0640970	Conor O'Farrell	1956	\N
nm0034384	Joey Aresco	1949	\N
nm0430151	Richard Jordan	1937	1993
nm0928408	Andrew Wilde	\N	\N
nm0001455	Matt LeBlanc	1967	\N
nm0299706	Guido Foehrweisser	\N	\N
nm0227315	Richard Dimitri	1942	\N
nm0000434	Mark Hamill	1951	\N
nm0124930	Gerard Butler	1969	\N
nm0265492	Craig Fairbrass	\N	\N
nm0741730	Axl Rose	1962	\N
nm0000150	Michael J. Fox	1961	\N
nm0940158	Bokeem Woodbine	1973	\N
nm0268199	Colin Farrell	1976	\N
nm0035605	Alun Armstrong	1946	\N
nm0637441	Tom Nowicki	\N	\N
nm0002245	Tzi Ma	\N	\N
nm0143977	Alexis Cassar	\N	\N
nm4319484	Stephen May Jr.	\N	\N
nm0235960	Robin Atkin Downes	1976	\N
nm0671980	Kal Penn	1977	\N
nm0001295	Graham Greene	1952	\N
nm0011882	Paul Adelstein	1969	\N
nm0151701	Grant Chang	1979	\N
nm1372572	Kelly AuCoin	\N	\N
nm0001530	William McNamara	1965	\N
nm0265668	Donald Faison	1974	\N
nm5499382	Kegn Matungulu	\N	\N
nm0557956	Richard Masur	1948	\N
nm0844969	Jaime Sánchez	1938	\N
nm0504320	Anton Lesser	1952	\N
nm0015775	Carl Alacchi	\N	\N
nm1824255	Bill Delaney Sr.	\N	\N
nm0059630	Gary Basaraba	1959	\N
nm0606487	Dean Norris	1963	\N
nm5430854	Thomas Matschuck	\N	\N
nm1693401	Henry Clarke	\N	\N
nm1727310	Tracy Goode	1976	\N
nm0905814	Brett Wagner	\N	\N
nm5105990	Greg Kriek	\N	\N
nm0001682	Mickey Rooney	1920	2014
nm0440487	Casey Kasem	1932	2014
nm0513021	Mark Linn-Baker	1954	\N
nm0001288	Kelsey Grammer	1955	\N
nm0283594	Quinton Flynn	1964	\N
nm0345466	Vincent Guastaferro	1950	\N
nm0227678	Kelly Dingwall	\N	\N
nm0564844	Christopher McCann	1952	\N
nm0006663	Enrique Murciano	1973	\N
nm0219835	James Denton	1963	\N
nm4004372	Graham Rogers	\N	\N
nm9336279	Autiak Aweteek	\N	\N
nm0519546	Ray Lonnen	1940	2014
nm0349803	DeJuan Guy	\N	\N
nm0774516	David Schofield	\N	\N
nm2449572	Paul Chung	\N	\N
nm0387360	Pak-Kwong Ho	\N	\N
nm3975368	Mark Behar	\N	\N
nm4489105	Patch Harris	\N	\N
nm4089248	Kevin Millington	\N	\N
nm0278571	Marc Fiorini	\N	\N
nm0769508	Sam Schacht	1936	\N
nm0000142	Clint Eastwood	1930	\N
nm0000138	Leonardo DiCaprio	1974	\N
nm0272224	Heino Ferch	1963	\N
nm0000980	Jim Broadbent	1949	\N
nm0117709	Daniel Brühl	1978	\N
nm0123951	Adam Busch	1978	\N
nm0124100	Billy Green Bush	1935	\N
nm0352542	Robert Hackman	1928	2016
nm0094471	Frank Bongiorno	\N	\N
nm0172866	Steve Allie Collura	\N	\N
nm0000929	Corbin Bernsen	1954	\N
nm0001285	Elliott Gould	1938	\N
nm0395475	Jason Horst	\N	\N
nm0567852	Kevin McDonald	1961	\N
nm0005606	Maurice LaMarche	1958	\N
nm0101710	Billy Boyd	1968	\N
nm0000489	Christopher Lee	1922	2015
nm0376944	Jesse Henecke	1963	\N
nm0631490	Bill Nighy	1949	\N
nm0267511	Sean Faris	1982	\N
nm0000347	Tim Curry	1946	\N
nm0146146	Reg E. Cathey	1958	2018
nm0001062	Jeffrey Combs	1954	\N
nm0000507	Rob Lowe	1964	\N
nm3635168	Kai Abaya	2003	\N
nm1859475	Omid Abtahi	\N	\N
nm0235427	Gary Dourdan	1966	\N
nm0012081	Trace Adkins	1962	\N
nm1539281	Bill J. Gottlieb	\N	\N
nm0224007	John DiMaggio	1968	\N
nm0004715	Will Arnett	1970	\N
nm2438954	Alex Beh	\N	\N
nm0395777	Richard Steven Horvitz	1966	\N
nm0224565	Chris Diamantopoulos	1975	\N
nm3376913	Chris Stathis	\N	\N
nm0653959	Rick Overton	1954	\N
nm0606569	Greg Morris	1933	1996
nm0542558	Blu Mankuma	1948	\N
nm0713576	Kavi Raz	\N	\N
nm0533154	Don MacKay	\N	\N
nm0161775	Christopher Ciampa	\N	\N
nm0683986	Robert Pine	1941	\N
nm0646087	Georg Olden	1968	\N
nm0000790	James Arness	1923	2011
nm0000199	Al Pacino	1940	\N
nm0000114	Steve Buscemi	1957	\N
nm0242750	Roger Dunn	\N	\N
nm0002064	Giancarlo Esposito	1958	\N
nm1111676	Faroque Khan	\N	\N
nm0295103	Judah Friedlander	1969	\N
nm0099228	Dmitri S. Boudrine	\N	\N
nm1024677	John Krasinski	1979	\N
nm0011374	Steve Adams	1960	2012
nm0000983	Albert Brooks	1947	\N
nm0000104	Antonio Banderas	1960	\N
nm1510062	Mikey Day	1980	\N
nm0565171	John McCarthy	\N	\N
nm0317036	John Gibson	1905	1971
nm0613461	Hiroaki Murakami	1956	\N
nm0131647	Kirk Cameron	1970	\N
nm0605363	Michael Moriarty	1941	\N
nm0292082	Brent David Fraser	1967	\N
nm8482838	Deborah Shaw	\N	\N
nm0000126	Kevin Costner	1955	\N
nm0528164	Will Lyman	1948	\N
nm0005568	Russell Wong	1963	\N
nm0362766	Tom Hardy	1977	\N
nm0000288	Christian Bale	1974	\N
nm2240346	Kodi Smit-McPhee	1996	\N
nm1212722	Benedict Cumberbatch	1976	\N
nm0769154	Alan Scarfe	1946	\N
nm0481620	John Lahr	1941	\N
nm0000952	Hart Bochner	1956	\N
nm0573223	Ciarán McMenamin	\N	\N
nm0412850	Eddie Izzard	1962	\N
nm0169454	J.J. Cohen	1965	\N
nm0744690	Carlo Rota	1961	\N
nm0000699	Michael Wincott	1958	\N
nm0846548	Saïd Taghmaoui	1973	\N
nm0573618	Kevin McNally	1956	\N
nm0169218	Ari Cohen	\N	\N
nm0781218	Jon Seda	1970	\N
nm0028487	Simón Andreu	1941	\N
nm0000579	Ron Perlman	1950	\N
nm0569742	Brian McGrail	\N	\N
nm5507816	Scott Bolzan	\N	\N
nm0523180	Yuri Lowenthal	1971	\N
nm0676649	Robert Peters	1961	\N
nm0385757	Pat Hingle	1924	2009
nm0867898	Charles Tordjman	1939	\N
nm0004645	Antonio Sabato Jr.	1972	\N
nm0548498	Brian Markinson	\N	\N
nm0697027	Marc Price	1968	\N
nm0566783	Matt McCoy	1958	\N
nm0055549	Christopher Daniel Barnes	1972	\N
nm4484603	Shea Hargis	\N	\N
nm2050025	Sean Allison	\N	\N
nm0009032	Taylor Abrahamse	1991	\N
nm4739096	Cesar D' La Torre	1984	\N
nm3867385	Fernando Martinez	\N	\N
nm0001476	Cleavon Little	1939	1992
nm0410347	Bill Irwin	1950	\N
nm0281788	Shaun Fleming	1987	\N
nm0006463	Jason Kravits	1967	\N
nm0001795	Jonathan Taylor Thomas	1981	\N
nm0176723	Kevin Conway	1942	\N
nm0057254	Ray Barrett	1927	2009
nm0557266	Patrick Masset	\N	\N
nm0000984	Avery Brooks	1948	\N
nm4870841	Alex Williams	\N	\N
nm0339159	Brad Greenquist	1959	\N
nm0165690	Edward Clayton	1940	\N
nm0000648	Wesley Snipes	1962	\N
nm0290280	Paul Francis	\N	\N
nm0723590	Allan Rich	1926	\N
nm0304842	Kaz Garas	1940	\N
nm0161254	King-Fai Chung	\N	\N
nm0012078	Scott Adkins	1976	\N
nm0767445	Stelio Savante	1970	\N
nm1635501	Ricky Nixon	1983	\N
nm5949979	Peter Stanford	\N	\N
nm0183122	Oliver Cotton	1944	\N
nm0170552	George Cole	1925	2015
nm0001641	Vincent Perez	1964	\N
nm0935653	Ray Winstone	1957	\N
nm1281906	Tom Allen	\N	\N
nm1734700	Nelsan Ellis	1977	2017
nm0110814	James Broderick	1927	1982
nm0020162	Michael Alldredge	1941	1997
nm0089905	Erin Blunt	1963	\N
nm0083640	Len Birman	1932	\N
nm0541576	Nick Mancuso	1948	\N
nm2733631	Tony Bingham	\N	\N
nm0000397	Corey Feldman	1971	\N
nm0439170	James Karen	1923	\N
nm0040695	David Atkinson	\N	\N
nm0001705	Rob Schneider	1963	\N
nm0131436	Joey Camen	\N	\N
nm1533208	Paul Telfer	1979	\N
nm0000960	Barry Bostwick	1945	\N
nm0046768	Robert Bagnell	\N	\N
nm0170550	Gary Cole	1956	\N
nm0004051	Brian Cox	1946	\N
nm0057391	Lester Barrie	\N	\N
nm0256121	Ethan Embry	1978	\N
nm4301209	Alec Gray	\N	\N
nm0322166	Jean Glaudé	\N	\N
nm0992289	Russell Peters	1970	\N
nm0771414	Martin Starr	1982	\N
nm0330913	Christopher Gorham	1974	\N
nm0289344	Jeff Foxworthy	1958	\N
nm4803203	Jesse Goldwater	\N	\N
nm0623359	Vartan Nazarian	1970	\N
nm0851317	Fred Tatasciore	\N	\N
nm6975381	Mat Best	\N	\N
nm0949775	Keone Young	1947	\N
nm0725079	Branscombe Richmond	1955	\N
nm0435218	Terry Kiser	1939	\N
nm0122881	Stephen W. Burns	1954	1990
nm0224477	Alex Diakun	1946	\N
nm0713610	Spiro Razatos	\N	\N
nm0624510	Taylor Negron	1957	2015
nm0506891	Al Lewis	1923	2006
nm0045057	Thomas Babson	1945	\N
nm0582773	Jim Metzler	1951	\N
nm0001773	David Ogden Stiers	1942	\N
nm0001254	James Gandolfini	1961	2013
nm0573097	Cody McMains	1985	\N
nm0796125	Christopher Shyer	\N	\N
nm0107748	Spencer Breslin	1992	\N
nm0658099	Alex Palmer	\N	\N
nm0082507	Beau Billingslea	1953	\N
nm0690975	Bray Poor	\N	\N
nm1546300	Diego Boneta	1990	\N
nm0001518	Dylan McDermott	1961	\N
nm0719637	Jeremy Renner	1971	\N
nm0001038	Josh Charles	1971	\N
nm1067025	Bill Coelius	\N	\N
nm0640249	Bill O'Connor	\N	2006
nm0561928	Donald May	1927	\N
nm0485273	Charles Lane	1953	\N
nm0518718	Jeremy London	1972	\N
nm0000615	John Ritter	1948	2003
nm0854911	Jesse R. Tendler	1980	\N
nm0640299	Derrick O'Connor	\N	\N
nm0940070	Wallace Wood	\N	\N
nm0227759	Peter Dinklage	1969	\N
nm1514001	Ted Duvall	\N	\N
nm0884313	Steve Valentine	1966	\N
nm1184911	Jerran Friedman	\N	\N
nm0479471	Shia LaBeouf	1986	\N
nm0926170	Peter Whitman	1947	1995
nm0817807	Peter Spence	\N	\N
nm0001624	Oliver Platt	1960	\N
nm0000494	Robert Sean Leonard	1969	\N
nm0787825	Chuck Shamata	\N	\N
nm0197647	James Badge Dale	1978	\N
nm0348409	Bob Gunton	1945	\N
nm0438463	Anil Kapoor	1956	\N
nm1782153	Gbenga Akinnagbe	1978	\N
nm0015382	Adewale Akinnuoye-Agbaje	1967	\N
nm0868476	Pip Torrens	1960	\N
nm1752699	Tom Harrison	\N	\N
nm0103299	Justin Bradley	1985	\N
nm0206479	Larry Day	1963	\N
nm0005478	Larenz Tate	1975	\N
nm0470244	Peter Krause	1965	\N
nm4507884	Mikey Jay	\N	\N
nm0416625	John James	1956	\N
nm3056324	Gianni Capaldi	\N	\N
nm0000979	Wilford Brimley	1934	\N
nm0531095	Eric Mabius	1971	\N
nm0462735	Frederick Koehler	1975	\N
nm0384211	Dulé Hill	1975	\N
nm0787114	Ted Shackelford	1946	\N
nm0949340	Bruce A. Young	1956	\N
nm0000654	Terence Stamp	1938	\N
nm4485879	Kish Gertuyug	\N	\N
nm0613147	Lochlyn Munro	1966	\N
nm1409827	Brandon Auret	\N	\N
nm6026551	Logan Shroyer	\N	\N
nm0352674	Zuhair Haddad	\N	\N
nm0001282	Tony Goldwyn	1960	\N
nm0711014	Tony Rosato	1954	2017
nm0241049	Josh Duhamel	1972	\N
nm0270470	Trevor Fehrman	1981	\N
nm1940449	Andrew Garfield	1983	\N
nm0792177	Jamey Sheridan	1951	\N
nm0037047	João Arouca	1950	\N
nm0741396	George Marshall Ruge	1952	\N
nm0533323	J.C. MacKenzie	1970	\N
nm1738176	Patrick Heusinger	\N	\N
nm2452384	Brett Donahue	\N	\N
nm4966596	Sean Edwards	\N	\N
nm0001751	Jimmy Smits	1955	\N
nm0768022	Nadim Sawalha	1935	\N
nm0245925	Mark Dymond	\N	\N
nm2449172	Hu Yuh Cuong	\N	\N
nm0318971	Robert Gillespie	1933	\N
nm2187546	Jason Wing	\N	\N
nm5306356	David Galea	\N	\N
nm0426435	Wil Johnson	1965	\N
nm3481052	Crazy Horse	\N	\N
nm0574534	Ian McShane	1942	\N
nm0424167	Gottfried John	1942	2014
nm0002010	Christian Clavier	1952	\N
nm0681566	Michel Piccoli	1925	\N
nm1939016	Jacob Zachar	1986	\N
nm1641139	Daniel Spangler	\N	\N
nm0264603	Joel Fabiani	1936	\N
nm0382263	Barton Heyman	1937	1996
nm0131386	Ed Cambridge	1920	2001
nm0088197	John Bleifer	1901	1992
nm0359695	James Handy	\N	\N
nm4628774	Chad Grooms	\N	\N
nm0859772	Tim Thomerson	1946	\N
nm0001736	Pauly Shore	1968	\N
nm0000973	Benjamin Bratt	1963	\N
nm0859197	Marcus Thomas	\N	\N
nm0482851	Phil LaMarr	1967	\N
nm0772703	Kristian Schmid	1974	\N
nm0671957	Arthur Penn	1922	2010
nm0383371	David Anthony Higgins	1961	\N
nm1750737	Noah Dahl	1997	\N
nm0404232	Geoffrey Hutchings	1939	2010
nm0615063	Joel Murray	1963	\N
nm1044736	Bob Baffert	1953	\N
nm0363641	Jess Harnell	1963	\N
nm4168606	Evan Kishiyama	\N	\N
nm1616334	Elijah Alexander	\N	\N
nm1015684	Corey Stoll	1976	\N
nm0005095	Justin Kirk	1969	\N
nm5108650	Greg Hovanessian	\N	\N
nm0277213	Nathan Fillion	1971	\N
nm3042755	Thomas Middleditch	1982	\N
nm1356578	J.B. Smoove	1965	\N
nm7743073	Dane Bingenheimer	\N	\N
nm2148665	Nyambi Nyambi	1979	\N
nm0115067	Robert Alan Browne	\N	\N
nm0238033	Lawrason Driscoll	1946	\N
nm0502360	Rick Lenz	1939	\N
nm0811124	Dee Snider	1955	\N
nm0625699	Ricky Nelson	1940	1985
nm0870439	Ian Tracey	1964	\N
nm0792421	Don Sherman	1932	2012
nm0247611	Steve Eastin	1948	\N
nm0932244	Noble Willingham	1931	2004
nm0493684	Paul Lazar	\N	\N
nm0674782	Harold Perrineau	1963	\N
nm0575184	Russell Means	1939	2012
nm0558645	Hrothgar Mathews	1964	\N
nm0000513	William H. Macy	1950	\N
nm1876121	Oliver Parham	\N	\N
nm0410918	Jim Ishida	\N	\N
nm0860121	Erik Thompson	1959	\N
nm0675730	Sean Pertwee	1964	\N
nm0527572	John Lutz	1973	\N
nm0895752	Arnaud Viard	\N	\N
nm0935921	Dean Winters	1964	\N
nm0852886	Meshach Taylor	1947	2014
nm0733678	Alex Rocco	1936	2015
nm0695590	George Pravda	1918	1985
nm0000362	Danny DeVito	1944	\N
nm0004743	Gil Bellows	1967	\N
nm0000621	Kurt Russell	1951	\N
nm0811746	Barry Sobel	\N	\N
nm0249528	Adrian Edmondson	1957	\N
nm0469103	Jeroen Krabbé	1944	\N
nm0469674	Steve Kramer	1950	\N
nm0175916	Paddy Considine	1973	\N
nm0921942	Billy West	1952	\N
nm0404896	Tor Hyams	\N	\N
nm2541974	Jai Courtney	1986	\N
nm1071851	Gilby Clarke	1962	\N
nm0688285	Ken Pogue	1934	2015
nm0199965	Dan Woren	1952	\N
nm0730099	Brent Roam	1971	\N
nm0161980	Jude Ciccolella	\N	\N
nm0175633	David Conrad	1967	\N
nm0272173	Colm Feore	1958	\N
nm1668372	John Boyd	1981	\N
nm0254862	Greg Ellis	1968	\N
nm0000630	Liev Schreiber	1967	\N
nm0730168	Sam Robards	1961	\N
nm0001592	Joe Pantoliano	1951	\N
nm1002311	Johnny Griffin	1986	\N
nm1097351	Glenn Howerton	1976	\N
nm0170357	James Colby	1961	\N
nm0280245	Glenn Fitzgerald	1971	\N
nm0001298	Richard Grieco	1965	\N
nm0328223	Iván González	1973	\N
nm0001765	Harry Dean Stanton	1926	2017
nm0696430	J.A. Preston	1932	\N
nm0716490	Vincent Regan	1965	\N
nm0926615	Johnny Whitworth	1975	\N
nm0001599	Will Patton	1954	\N
nm0324533	Peter Michael Goetz	1941	\N
nm0160085	Shawn Christian	1965	\N
nm0366349	Jeremy Hart	\N	\N
nm4483829	Nathaniel Grant	\N	\N
nm0941708	Michael Worth	1965	\N
nm1410288	Emmanuel Castis	\N	\N
nm0026283	Haskell V. Anderson III	1943	\N
nm3938323	James Cavlo	\N	\N
nm0005052	Michael Jeter	1952	2003
nm0191526	Seán Cullen	\N	\N
nm0333410	Topher Grace	1978	\N
nm0004801	Nestor Carbonell	1967	\N
nm0869871	Russell Tovey	1981	\N
nm0000257	Alan Alda	1936	\N
nm0005315	Jeremy Piven	1965	\N
nm0000655	Eric Stoltz	1961	\N
nm0426170	Samuel Johnson	\N	\N
nm1221863	Michael Stahl-David	1982	\N
nm0170186	Enrico Colantoni	1963	\N
nm0500293	Spencer Leigh	\N	\N
nm0007082	John Stockwell	1961	\N
nm0853583	Owen Teale	1961	\N
nm0626719	John Nettles	1943	\N
nm1807347	Paul Carr	\N	\N
nm0396830	Glyn Houston	1925	\N
nm2018573	Sean Cronin	1964	\N
nm0298812	Joseph Fuqua	1962	\N
nm0908181	Rudolph Walker	1939	\N
nm0949918	Neil Young	1945	\N
nm0369814	Nigel Havers	1951	\N
nm0000115	Nicolas Cage	1964	\N
nm0516272	Enrico Lo Verso	1964	\N
nm0152647	Antoine Chappey	1960	\N
nm1943802	Brian Deneen	\N	\N
nm0779084	Dougray Scott	1965	\N
nm0203375	Jim Davidson	1953	\N
nm0244151	Romain Duris	1974	\N
nm5012884	Chris Perfetti	\N	\N
nm9605193	Elija Pott	\N	\N
nm0398994	Jack Huang	1969	\N
nm0004988	Colin Hanks	1977	\N
nm0671567	Michael Peña	1976	\N
nm0236564	Dr. Dre	1965	\N
nm0728795	Paul Ritter	\N	\N
nm0007845	Stefano Abbati	1955	\N
nm0185404	Richard Coyle	1972	\N
nm9605192	Wolfgang Forstmeier	\N	\N
nm0470981	Thomas Kretschmann	1962	\N
nm3560269	Bernie Kim	\N	\N
nm0004896	Eminem	1972	\N
nm2311138	Riccardo Francia	\N	\N
nm0519933	Nuno Lopes	1978	\N
nm1047252	Marko Zaror	1978	\N
nm0143892	Christopher Cass	1958	\N
nm5804925	Chris Hackney	1982	\N
nm0396558	Nicholas Hoult	1989	\N
nm0001772	Patrick Stewart	1940	\N
nm4217247	Chris Pizzi	\N	\N
nm1320827	Randall Park	\N	\N
nm1705209	Florian Boesch	\N	\N
nm1256532	Jon Bernthal	1976	\N
